category,city,name,site_lat,site_lng,site_name,start_time,end_time
农林牧渔,广州市,2018第十届广州国际园林机械与园艺工具展,23.10633391,113.3784028,广州国际采购中心,2018/3/21,2018/3/23
农林牧渔,广州市,2018第十届广州国际绿化苗木展览会,23.10633391,113.3784028,广州国际采购中心,2018/3/21,2018/3/23
建材五金,上海市,2018第16届中国上海国际保温防水材料与节能技术展览会,31.21315614,121.5727953,上海新国际博览中心,2018/11/19,2018/11/21
文化教育,上海市,2018上海国际亲子博览会,31.23088936,121.4593154,上海展览中心,2018/3/29,2018/4/1
机械工业,宁波市,2018宁波国际机器人智能加工及工业自动化展览会,29.87533863,121.6209057,宁波国际会展中心,2018/3/15,2018/3/18
文化教育,重庆市,2018重庆教育博览会暨教育装备智慧创新幼教教育加盟展,29.72482313,106.548697,重庆国际博览中心,2018/3/29,2018/3/31
消费电子,广州市,2018亚洲VR&AR博览会暨高峰论坛,23.14996589,113.2634958,中国进出口商品交易会展馆琶洲馆,2018/4/3,2018/4/5
文化教育,上海市,2018上海国际教育信息化展及智能教育高峰论坛,31.18839541,121.4965025,上海世博展览馆,2018/4/19,2018/4/21
美容美发,成都市,2018第39届成都美博会,30.56346114,104.0817295,成都世纪城新国际会展中心,2018/4/19,2018/4/21
建材五金,沈阳市,2018年第20届东北国际门窗幕墙玻璃及加工设备展览会,41.75681957,123.4449643,沈阳新世界博览馆,2018/3/29,2018/3/31
美容美发,上海市,2018第25届上海国际美容美发化妆品博览会春季,31.1737722,121.4346345,上海光大会展中心,2018/3/29,2018/3/31
电子电力,香港,2018年香港春季电子产品展览会品牌荟萃廊国际资讯科技博览会,22.2869558,114.1845989,香港会议展览中心,2018/4/13,2018/4/16
建材五金,西宁市,2018中国青海国际绿色建筑产业博览会,36.55060567,101.7090939,青海国际会展中心,2018/4/16,2018/4/18
贸易进出口,武汉市,首届中国武汉进出口消费精品博览会暨台湾精品周,30.58559884,114.2802309,武汉国际会展中心,2018/1/2,2018/1/9
食品饮料,沈阳市,2018第十六届沈阳糖酒食品交易会,41.77825298,123.4401666,辽宁工业展览馆,2018/4/26,2018/4/28
纺织纺机,上海市,2018中国上海国际数码印花工业展览会,31.21315614,121.5727953,上海新国际博览中心,2018/4/19,2018/4/21
服装配饰,上海市,2018上海国际职业装博览会,31.18839541,121.4965025,上海世博展览馆,2018/4/19,2018/4/21
购物年货,北京市,2018马甸大型新年年货商品购物节,39.97982895,116.3884021,中国国际科技会展中心,2018/1/5,2018/2/10
奢侈品,广州市,2018广州国际珠宝首饰玉石交易会广州国际艺术品收藏品工艺品古典红木精品博览会广州国际陶瓷艺术展览会广州国际茶收藏紫砂工艺与香文化展览会,23.14996589,113.2634958,中国进出口商品交易会展馆琶洲馆,2018/1/5,2018/1/8
环保水处理,廊坊市,2018京津冀海绵城市与地下综合管廊建设展览会,39.51861063,116.7036022,河北廊坊国际会展中心,2018/4/10,2018/4/12
贸易进出口,上海市,2018上海国际零售业设计与设备展,31.21315614,121.5727953,上海新国际博览中心,2018/4/26,2018/4/28
酒店用品,上海市,2018上海国际室内环境空气净化及新风系统展览会,31.21315614,121.5727953,上海新国际博览中心,2018/4/26,2018/4/28
钢铁冶金,宁波市,2018第九届宁波国际铸造锻造及压铸工业展览会,29.88525897,121.579006,宁波国际展览中心,2018/4/26,2018/4/28
文化教育,长沙市,2018湖南教育装备展览会,28.21018409,112.9961787,湖南省展览馆,2018/4/26,2018/4/27
环保水处理,济南市,2018第20届山东国际给排水水处理及管泵阀展览会,36.69231833,117.1302235,济南国际会展中心,2018/4/26,2018/4/28
创业加盟,上海市,2018第二十八届上海国际连锁加盟展览会,31.21315614,121.5727953,上海新国际博览中心,2018/4/26,2018/4/28
广告媒体,呼和浩特市,2018年内蒙古第二十六届国际广告四新与传媒博览会暨LED及城市景观照明技术博览会,40.83103448,111.754918,内蒙古国际会展中心,2018/4/26,2018/4/28
暖通制冷,济南市,2018第二十届山东国际供热供暖通风空调及舒适家居系统展览会,36.69231833,117.1302235,济南国际会展中心,2018/4/26,2018/4/28
机械工业,上海市,2018第十九届上海国际清洁技术与设备博览会,31.21315614,121.5727953,上海新国际博览中心,2018/4/26,2018/4/28
消费电子,上海市,2018第15届中国国际自助服务产品及自动售货系统展,31.21315614,121.5727953,上海新国际博览中心,2018/4/26,2018/4/28
孕婴童,重庆市,2018中国重庆孕婴童用品展览会,29.72482313,106.548697,重庆国际博览中心,2018/4/27,2018/4/29
安全防护,南京市,2018第十七届南京安防展,32.00017759,118.7241743,南京国际博览中心,2018/4/26,2018/4/28
奢侈品,上海市,2018中国上海国际游艇展,31.21315614,121.5727953,上海新国际博览中心,2018/4/26,2018/4/29
信息通信,北京市,2018北京国际大数据产业博览会,39.96787965,116.4497403,中国国际展览中心,2018/4/27,2018/4/29
机械工业,上海市,2018上海国际地坪维护保养展览会,31.21315614,121.5727953,上海新国际博览中心,2018/4/26,2018/4/28
建材五金,上海市,2018上海第二十六届中国国际建筑装饰展览会暨2018上海国际酒店及商业空间工程与设计展览会,31.21315614,121.5727953,上海新国际博览中心,2018/4/26,2018/4/29
仪器仪表,北京市,2018中国北京国际智慧城市技术与应用产品展览会,39.96787965,116.4497403,中国国际展览中心,2018/4/27,2018/4/29
安全防护,北京市,2018中国北京国际物业展览会,39.96787965,116.4497403,中国国际展览中心,2018/4/27,2018/4/29
文化艺术,义乌市,2018第十三届中国义乌文化产品交易博览会,29.31803398,120.1198666,义乌国际博览中心,2018/4/27,2018/4/30
信息通信,北京市,2018亚洲北京国际物联网展览会,39.96787965,116.4497403,中国国际展览中心,2018/4/27,2018/4/29
美容美发,武汉市,2018中国武汉国际美容美发美体化妆用品博览会,30.58559884,114.2802309,武汉国际会展中心,2018/4/26,2018/4/28
房产家居,上海市,2018上海国际物业管理产业博览会暨2018中国上海国际物业管理高峰论坛,31.21315614,121.5727953,上海新国际博览中心,2018/4/26,2018/4/28
汽摩配件,北京市,2018第十五届北京国际汽车展览会,39.96787965,116.4497403,中国国际展览中心,2018/4/27,2018/4/29
礼品玩具,香港,2018年香港礼品及赠品展,22.2869558,114.1845989,香港会议展览中心,2018/4/27,2018/4/30
信息通信,北京市,2018亚洲北京国际软件及系统管理展览会,39.96787965,116.4497403,中国国际展览中心,2018/4/27,2018/4/29
农林牧渔,长沙市,2018湖南春季渔具展览会,28.11362013,113.0207805,长沙红星国际会展中心,2018/4/27,2018/4/29
能源矿产,太原市,第十七届2018太原煤炭工业技术装备展览会,37.86656599,112.5154959,山西省展览馆,2018/4/22,2018/4/24
仪器仪表,北京市,2018第十六届中国国际科学仪器及实验室装备展览会北京站,40.00504938,116.3965327,北京国家会议中心,2018/4/21,2018/4/23
环保水处理,合肥市,2018中国合肥国际水务设备与技术博览会,31.78596041,117.2296822,安徽国际会展中心,2018/4/20,2018/4/22
能源矿产,上海市,2018中国国际低碳科技成果交易博览会,31.18839541,121.4965025,上海世博展览馆,2018/4/22,2018/4/26
礼品玩具,西安市,2018中国西安国际小商品暨日用品博览会,34.19849834,108.8933614,西安绿地笔克国际会展中心,2018/4/21,2018/4/23
房产家居,北京市,2018中国北京国际智能家居智能硬件展览会,39.96787965,116.4497403,中国国际展览中心,2018/4/27,2018/4/29
食品饮料,郑州市,2018第十四届中国郑州食品包装及加工设备展览会,34.77795862,113.7372866,郑州国际会展中心,2018/4/23,2018/4/25
动漫游戏,沈阳市,2018沈阳国际游乐产业博览会,41.8489132,123.4153763,沈阳皇姑体育中心,2018/4/21,2018/4/23
建材五金,西安市,第十五届中国西安国际建筑节能及新型建材博览会,34.20211625,108.957183,西安曲江国际会展中心,2018/4/20,2018/4/22
医疗保健,上海市,2018第四届国际酵素产业博览会,31.1737722,121.4346345,上海光大会展中心,2018/4/24,2018/4/26
贸易进出口,广州市,第123届中国进出口商品交易会第二期,23.14996589,113.2634958,中国进出口商品交易会展馆琶洲馆,2018/4/23,2018/4/27
食品饮料,南宁市,2018广西国际糖业技术设备交流展示会,22.81439522,108.3857217,广西南宁国际会展中心,2018/4/24,2018/4/26
印刷包装,沧州市,2018第十一届中国东光纸箱机械国际博览会,37.8874516,116.6778323,东光包装机械会展中心,2018/4/24,2018/4/26
汽摩配件,东莞市,第十八届广东国际汽车展示交易会春季,22.9062441,113.6672813,广东现代国际展览中心,2018/4/28,2018/5/1
食品饮料,郑州市,2018第二十一届郑州国际糖酒食品交易会,34.77795862,113.7372866,郑州国际会展中心,2018/4/23,2018/4/25
仪器仪表,沈阳市,2018第二十一届中国东北国际智能制造及工业自动化展览会,41.66836964,123.3796191,沈阳国际展览中心,2018/4/24,2018/4/26
化工橡塑,上海市,2018表面活性剂和洗涤剂展览会,31.22853327,121.3988929,上海跨国采购会展中心,2018/4/24,2018/4/26
化工橡塑,上海市,2018第三十二届中国国际塑料橡胶工业展览会,31.19545539,121.3087136,国家会展中心上海,2018/4/24,2018/4/27
机械工业,沈阳市,2018东北国际数控机床与金属加工展览会,41.66836964,123.3796191,沈阳国际展览中心,2018/4/24,2018/4/26
电子电力,上海市,第二十八届中国国际电子生产设备暨微电子工业展,31.18839541,121.4965025,上海世博展览馆,2018/4/24,2018/4/26
建材五金,沈阳市,2018第二十一届中国东北国际五金工具展览会,41.66836964,123.3796191,沈阳国际展览中心,2018/4/24,2018/4/26
机械工业,上海市,2018上海国际油脂化工原料及设备展览会暨会议,31.22853327,121.3988929,上海跨国采购会展中心,2018/4/24,2018/4/26
农林牧渔,成都市,2018成都农博会肥料农药种子农机专项展示订货会,30.56346114,104.0817295,成都世纪城新国际会展中心,2018/4/25,2018/4/28
机械工业,沈阳市,2018第二十一届中国东北动力传动与控制技术展览会,41.66836964,123.3796191,沈阳国际展览中心,2018/4/24,2018/4/26
安全防护,沈阳市,2018东北国际安全生产及劳动保护用品展览会,41.66836964,123.3796191,沈阳国际展览中心,2018/4/24,2018/4/26
汽摩配件,武汉市,全国汽车配件交易会暨全国汽车配件采购交易会,30.51332017,114.2481555,武汉国际博览中心,2018/4/25,2018/4/27
机械工业,沈阳市,2018第二十一届中国东北国际焊接切割激光技术及设备展览会,41.66836964,123.3796191,沈阳国际展览中心,2018/4/24,2018/4/26
运输物流,西安市,2018第八届中国西部国际物流产业博览会,34.20211625,108.957183,西安曲江国际会展中心,2018/4/10,2018/4/12
消费电子,北京市,2018北京国际电子支付技术与设备展览会,39.96787965,116.4497403,中国国际展览中心,2018/4/27,2018/4/29
建材五金,郑州市,2018年中国国际非开挖技术研讨会,34.77795862,113.7372866,郑州国际会展中心,2018/4/11,2018/4/13
医疗保健,成都市,2018第17届中国西部国际口腔设备与材料展览会暨口腔医学学术会议,30.56346114,104.0817295,成都世纪城新国际会展中心,2018/4/25,2018/4/28
礼品玩具,深圳市,第二十六届中国深圳国际礼品工艺品钟表及家庭用品展览会,22.53638395,114.066518,深圳会展中心,2018/4/25,2018/4/28
食品饮料,临沂市,2018中国食品产业博览会,35.02493094,118.4178788,临沂国际会展中心,2018/4/25,2018/4/27
美容美发,郑州市,2018中国郑州国际高端美容院线产品及化妆品展览会,34.77795862,113.7372866,郑州国际会展中心,2018/4/11,2018/4/13
信息通信,义乌市,2018第八届中国国际电子商务博览会,29.31803398,120.1198666,义乌国际博览中心,2018/4/11,2018/4/13
体育休闲,天津市,2018第十三届天津国际温泉泳池沐浴SPA及养生健康产业展览会,39.1439299,117.2108131,天津梅江国际会展中心,2018/4/25,2018/4/27
纺织纺机,上海市,2018第一百届中国针棉织品交易会,31.21315614,121.5727953,上海新国际博览中心,2018/4/11,2018/4/13
纺织纺机,上海市,2018第十八届中国国际染料工业及有机颜料纺织化学品展览会,31.18839541,121.4965025,上海世博展览馆,2018/4/11,2018/4/13
安全防护,上海市,第96届中国劳动保护用品交易会,31.21315614,121.5727953,上海新国际博览中心,2018/4/11,2018/4/13
奢侈品,上海市,2018上海国际奢侈品包装展,31.23088936,121.4593154,上海展览中心,2018/4/11,2018/4/12
医疗保健,上海市,第79届全国药品交易会,31.19545539,121.3087136,国家会展中心上海,2018/4/11,2018/4/13
食品饮料,上海市,2018中国国际大豆食品加工技术及设备展览会,31.1737722,121.4346345,上海光大会展中心,2018/4/12,2018/4/14
音响乐器,北京市,2018中国国际视听集成设备与技术展,40.00504938,116.3965327,北京国家会议中心,2018/4/11,2018/4/13
环保水处理,南京市,2018全国化工行业园区污染综合治理大会,32.08221873,118.8132783,南京国际展览中心,2018/4/12,2018/4/14
机械工业,成都市,2018成都国际数码印花数字雕刻展览会,30.56346114,104.0817295,成都世纪城新国际会展中心,2018/4/12,2018/4/15
光电技术,成都市,第十一届成都国际照明及LED展览会,30.56346114,104.0817295,成都世纪城新国际会展中心,2018/4/12,2018/4/15
印刷包装,成都市,2018第八届成都国际印刷包装节,30.56346114,104.0817295,成都世纪城新国际会展中心,2018/4/12,2018/4/15
交通工具,南京市,2018中国南京国际客车及零部件展览会,32.00017759,118.7241743,南京国际博览中心,2018/4/12,2018/4/14
广告媒体,成都市,2018第十六届成都国际广告节,30.56346114,104.0817295,成都世纪城新国际会展中心,2018/4/12,2018/4/15
化工橡塑,成都市,2018中国成都国际化工技术装备博览会,30.56346114,104.0817295,成都世纪城新国际会展中心,2018/4/12,2018/4/14
建材五金,成都市,2018中国成都国际阀门管道流体工业展览会,30.56346114,104.0817295,成都世纪城新国际会展中心,2018/4/12,2018/4/14
房产家居,武汉市,2018第四届武汉国际家具展览会,30.51332017,114.2481555,武汉国际博览中心,2018/4/12,2018/4/14
贸易进出口,厦门市,2018厦门工业博览会暨第22届海峡两岸机械电子商品交易会,24.47350542,118.1890096,厦门国际会展中心,2018/4/12,2018/4/15
音响乐器,济南市,2018第六届山东国际乐器业展览会,36.67114963,117.0887882,山东机械设备展览中心济南解放东路69号,2018/4/12,2018/4/15
文化艺术,兰州市,2018第十届中国兰州艺术品收藏博览会,36.0745005,103.8561842,甘肃国际会展中心,2018/4/12,2018/4/16
奢侈品,上海市,2018第九届上海国际高端生活方式展览会,31.23088936,121.4593154,上海展览中心,2018/4/13,2018/4/15
汽摩配件,上海市,2018上海汽车博览会,31.1737722,121.4346345,上海光大会展中心,2018/1/13,2018/1/14
食品饮料,北京市,2018中国冰淇淋冷食展览会,40.07713983,116.5552437,中国国际展览中心新馆,2018/1/12,2018/1/14
婚庆婚博,上海市,2018第三十三届中国上海国际婚纱摄影器材展览会,31.21315614,121.5727953,上海新国际博览中心,2018/1/16,2018/1/19
动漫游戏,上海市,延期2018魔幻二次元AR,31.18839541,121.4965025,上海世博展览馆,2018/1/19,2018/1/21
食品饮料,武汉市,2018第六届湖北武汉放心酒展览交易会暨放心食品购物节,30.58559884,114.2802309,武汉国际会展中心,2018/1/19,2018/1/22
办公用品,成都市,2018成都办公设备及打印耗材展览会,30.56346114,104.0817295,成都世纪城新国际会展中心,2018/4/12,2018/4/15
食品饮料,北京市,2018中国北京国际食品及进口食品博览会,39.94625561,116.350719,北京展览馆,2018/1/19,2018/1/21
建材五金,南京市,2018第十七届南京家装主材博览会,32.0572355,118.7780744,南京河西国际博览中心,2018/1/19,2018/1/22
体育休闲,深圳市,2018亚洲女子运动与时尚展,22.53638395,114.066518,深圳会展中心,2018/1/12,2018/1/14
医疗保健,北京市,2018北京国际营养健康产业博览会,39.94625561,116.350719,北京展览馆,2018/1/19,2018/1/21
服装配饰,北京市,2017中国国际时尚生活博览会,39.94625561,116.350719,北京展览馆,2018/1/12,2018/1/15
贸易进出口,北京市,2018年第十三届北京国际金融展览会,39.94625561,116.350719,北京展览馆,2018/1/25,2018/1/28
食品饮料,北京市,2018北京,39.94625561,116.350719,北京展览馆,2018/1/19,2018/1/21
购物年货,嘉兴市,2018海宁新春年货展销会,30.4421768,120.6187271,海宁会展中心,2018/1/26,2018/1/30
购物年货,南京市,第十七届南京全国春节食品商品交易会,32.08221873,118.8132783,南京国际展览中心,2018/1/26,2018/2/12
建材五金,成都市,2018第十九届中国国际水泥技术及装备展览会,30.56346114,104.0817295,成都世纪城新国际会展中心,2018/4/11,2018/4/13
文化教育,上海市,2018上海国际少儿生活方式展,31.23088936,121.4593154,上海展览中心,2018/1/26,2018/1/28
购物年货,西安市,第十六届西安年货会,34.20211625,108.957183,西安曲江国际会展中心,2018/1/26,2018/2/13
购物年货,济南市,2018全国年货精品展销会暨第十五届济南电视年货会,36.64102085,117.0306755,济南舜耕国际会展中心,2018/1/20,2018/1/28
购物年货,上海市,2018第十二届华港迎春食品光大大联展,31.1737722,121.4346345,上海光大会展中心,2018/1/25,2018/2/12
购物年货,合肥市,第十届中国合肥年货采购展览会,31.78596041,117.2296822,安徽国际会展中心,2018/1/27,2018/2/12
购物年货,昆明市,2018第十二届昆明新春欢乐购物节昆明年货展销会,25.0153581,102.7377783,昆明国际会展中心,2018/1/29,2018/2/13
体育休闲,北京市,2018第十四届亚洲运动用品与时尚展,40.00504938,116.3965327,北京国家会议中心,2018/1/24,2018/1/27
暖通制冷,广州市,2018第十五届广州国际车用空调及装备展览会,23.10162394,113.37415,广州保利世贸展览馆,2018/4/14,2018/4/16
仪器仪表,南京市,2018第十五届南京国际科学仪器及实验室装备展览会暨中国南京国际教育装备暨及科教技术展览会,32.08221873,118.8132783,南京国际展览中心,2018/4/12,2018/4/14
购物年货,温州市,第16届温州迎春福年货商品博览会,28.02287237,120.7253196,温州国际会议展览中心,2018/1/27,2018/2/3
购物年货,乌鲁木齐市,第十一届中国新疆新春年货博览会,43.88420073,87.62754646,新疆国际会展中心,2018/1/27,2018/2/13
建材五金,北京市,2018北京国家木结构建筑与装饰配套设施展览会,39.94700886,116.4703069,北京全国农业展览馆,2018/4/14,2018/4/16
交通工具,临沂市,2018中国临沂新能源汽车,35.02493094,118.4178788,临沂国际会展中心,2018/4/14,2018/4/16
建材五金,石家庄,2018华北石家庄五金交易会,38.04895831,114.5220818,石家庄老火车站会展中心,2018/4/14,2018/4/15
安全防护,昆明市,2018中国昆明东南亚南亚消防安全暨应急救援技术展览会,24.94917593,102.7143873,昆明滇池国际会展中心,2018/4/16,2018/4/18
孕婴童,北京市,第二十七届京正北京孕婴童产品博览会,40.07713983,116.5552437,中国国际展览中心新馆,2018/4/14,2018/4/16
购物年货,成都市,第二十二届中国四川新春年货购物节,30.56346114,104.0817295,成都世纪城新国际会展中心,2018/1/28,2018/2/11
食品饮料,沈阳市,2018中国沈阳餐饮创新大会暨展览会,41.66836964,123.3796191,沈阳国际展览中心,2018/4/16,2018/4/18
广告媒体,南昌市,2018南昌广告标识及LED展览会,28.61053094,115.8017864,南昌绿地国际博览中心,2018/4/14,2018/4/16
消费电子,深圳市,2018深圳国际电子烟产业博览会,22.53638395,114.066518,深圳会展中心,2018/4/14,2018/4/16
能源矿产,鄂尔多斯市,第十三届鄂尔多斯国际煤炭及能源工业博览会,39.61509898,109.799138,鄂尔多斯国际会展中心,2018/4/16,2018/4/18
交通工具,上海市,2018上海国际客车展,31.21315614,121.5727953,上海新国际博览中心,2018/11/19,2018/11/21
消费电子,西安市,2018中国西安西部家电厨卫及净水产业博览会,34.20211625,108.957183,西安曲江国际会展中心,2018/4/15,2018/4/17
化工橡塑,广州市,2018中国广州国际塑料橡胶工业展览会,23.10633391,113.3784028,广州国际采购中心,2018/4/15,2018/4/17
安全防护,昆明市,2018昆明东南亚南亚安防暨警用装备展览,24.94917593,102.7143873,昆明滇池国际会展中心,2018/4/16,2018/4/18
仪器仪表,武汉市,2018中国国际衡器展览会,30.51332017,114.2481555,武汉国际博览中心A1A2馆,2018/4/18,2018/4/20
纸业制品,南京市,第二十五届生活用纸国际科技展览及会议2018年南京生活用纸年会暨妇婴童老人卫生护理用品展会,32.00017759,118.7241743,南京国际博览中心,2018/4/18,2018/4/20
广告媒体,北京市,2018北京国际喷印雕刻标识技术展览会,40.00504938,116.3965327,北京国家会议中心,2018/4/16,2018/4/18
旅游行业,北京市,2018中国出境旅游交易会,39.94700886,116.4703069,北京全国农业展览馆,2018/4/16,2018/4/18
交通工具,上海市,第十三届中国国际轨道交通技术展览会,31.21315614,121.5727953,上海新国际博览中心,2018/4/19,2018/4/21
医疗保健,济南市,第六届中国济南国际口腔器材展览会暨山东省口腔医学会第六次学术年会,36.64102085,117.0306755,济南舜耕国际会展中心,2018/4/18,2018/4/21
建材五金,廊坊市,2018中国国际管道大会暨高峰论坛,39.51861063,116.7036022,廊坊国际会议展览中心,2018/4/17,2018/4/19
美容美发,北京市,2018第三十二届中国北京国际美容化妆品博览会春季,39.96787965,116.4497403,中国国际展览中心,2018/4/19,2018/4/21
化工橡塑,成都市,第六届中国成都表面处理电镀涂装展览会,30.56346114,104.0817295,成都世纪城新国际会展中心,2018/4/19,2018/4/21
机械工业,佛山市,2018佛山五金机电及机械零配件展览会暨佛山焊接与切割设备展览会,23.03907061,113.1625247,顺联国际博览中心,2018/4/18,2018/4/20
贸易进出口,广州市,第123届中国进出口商品交易会第一期,23.14996589,113.2634958,中国进出口商品交易会展馆琶洲馆,2018/4/15,2018/4/19
贸易进出口,东莞市,2018中国加工贸易产品博览会,22.9062441,113.6672813,广东现代国际展览中心,2018/4/19,2018/4/22
贸易进出口,上海市,2018中国上海国际技术进出口交易会,31.18839541,121.4965025,上海世博展览馆,2018/4/19,2018/4/21
安全防护,沈阳市,2018第二十届东北国际公共安全防范产品博览会暨辽宁消防产品与应急救援展览会,41.75681957,123.4449643,沈阳新世界博览馆,2018/4/19,2018/4/21
服装配饰,上海市,2018上海国际校服园服展览会,31.18839541,121.4965025,上海世博展览馆,2018/4/19,2018/4/21
建材五金,上海市,第二十九届中国国际玻璃工业技术展览会,31.21315614,121.5727953,上海新国际博览中心,2018/4/19,2018/4/22
建材五金,成都市,2018第十四届中国成都国际泵阀管道展,30.56346114,104.0817295,成都世纪城新国际会展中心,2018/4/19,2018/4/21
机械工业,上海市,2018上海国际服装科技装备展览会,31.18839541,121.4965025,上海世博展览馆,2018/4/19,2018/4/21
食品饮料,北京市,2018第十五届中国国际烘焙展览会,39.96787965,116.4497403,中国国际展览中心,2018/4/19,2018/4/21
礼品玩具,成都市,2018中国成都国际宠物博览会,30.56346114,104.0817295,成都世纪城新国际会展中心,2018/4/19,2018/4/22
环保水处理,成都市,2018第十四届中国成都国际水展,30.56346114,104.0817295,成都世纪城新国际会展中心,2018/4/19,2018/4/21
服装配饰,深圳市,2018第十三届中国深圳国际品牌内衣展览会,22.53638395,114.066518,深圳会展中心,2018/4/19,2018/4/21
孕婴童,上海市,2018上海国际学前教育装备及智慧教育展览会暨上海国际学前教育加盟连锁及特许经营展览会,31.21315614,121.5727953,上海新国际博览中心,2018/4/19,2018/4/21
暖通制冷,西安市,第21届中国西安国际供热采暖与建筑环境技术设备展览会,34.20211625,108.957183,西安曲江国际会展中心,2018/4/20,2018/4/22
广告媒体,乌鲁木齐市,2018新疆国际广告四新及LED大屏幕展览会,43.88420073,87.62754646,新疆国际会展中心,2018/4/20,2018/4/22
环保水处理,西安市,2018第十二届中国西安国际给净及水处理技术设备展览会,34.20211625,108.957183,西安曲江国际会展中心,2018/4/20,2018/4/22
房产家居,济南市,2018第24届中国济南国际建筑装饰博览会,36.69231833,117.1302235,济南国际会展中心,2018/4/20,2018/4/22
房产家居,临沂市,2018中国临沂全屋定制精品展览会,35.02493094,118.4178788,临沂国际会展中心,2018/4/20,2018/4/22
体育休闲,上海市,2018中国国际高尔夫球博览会,31.21315614,121.5727953,上海新国际博览中心,2018/4/20,2018/4/22
孕婴童,廊坊市,2018第二届中国廊坊母婴博览会暨品牌特卖会,39.51861063,116.7036022,廊坊国际会议展览中心,2018/4/20,2018/4/22
旅游行业,合肥市,第四届合肥国际旅游商品暨旅游消费博览会,31.78596041,117.2296822,安徽国际会展中心,2018/4/20,2018/4/23
礼品玩具,西安市,2018中国西安宠物水族用品博览会,34.20211625,108.957183,西安曲江国际会展中心,2018/4/20,2018/4/22
食品饮料,西安市,第十届中国西安国际食品博览会,34.20211625,108.957183,西安曲江国际会展中心,2018/4/20,2018/4/22
环保水处理,成都市,2018中国成都环保产业博览会,30.56346114,104.0817295,成都世纪城新国际会展中心,2018/4/19,2018/4/21
创业加盟,上海市,2018第六届中国上海微商博览会,31.21315614,121.5727953,上海新国际博览中心,2018/4/20,2018/4/22
礼品玩具,北京市,2018第十九届中国国际模型展览会,39.94625561,116.350719,北京展览馆,2018/4/20,2018/4/22
建材五金,义乌市,2018第十五届中国国际五金电器博览会,29.31803398,120.1198666,义乌国际博览中心,2018/4/20,2018/4/22
纺织纺机,香港,2018年香港国际家用纺织品展览会,22.2869558,114.1845989,香港湾仔博览道一号香港会议展览中心,2018/4/20,2018/4/23
房产家居,香港,2018年香港家庭用品展,22.2869558,114.1845989,香港会议展览中心,2018/4/20,2018/4/23
食品饮料,呼和浩特市,2018第十四届中国内蒙古食博会,40.83103448,111.754918,内蒙古国际会展中心,2018/4/13,2018/4/15
旅游行业,厦门市,2018中国厦门国际休闲旅游博览会,24.47350542,118.1890096,厦门国际会展中心,2018/4/20,2018/4/22
农林牧渔,厦门市,第十三届中国国际厦门渔业博览会,24.47350542,118.1890096,厦门国际会展中心,2018/4/20,2018/4/22
汽摩配件,广州市,2018第十六届中国广州国际汽车零部件展览会,23.10633391,113.3784028,广州国际采购中心,2018/4/13,2018/4/15
机械工业,广州市,2018广州国际机器人及工业自动化展览会,23.10667607,113.3670581,广州琶洲国际采购中心,2018/4/13,2018/4/15
礼品玩具,苏州市,2018苏州宠物用品品牌暨宠物秀,31.32927823,120.7158032,苏州国际博览中心,2018/4/13,2018/4/15
广告媒体,武汉市,2018第二十二届武汉广告技术及设备展览会,30.51332017,114.2481555,武汉国际博览中心汉阳B3,2018/4/13,2018/4/15
创业加盟,南京市,2018第二十届南京特许连锁加盟创业展览会,32.08221873,118.8132783,南京国际展览中心,2018/4/13,2018/4/15
食品饮料,合肥市,2018第十二届中国坚果炒货休闲食品暨配料包装设备展览会,31.78596041,117.2296822,安徽国际会展中心,2018/4/13,2018/4/15
运输物流,洛阳市,中原国际物流节暨现代物流产业及技术装备展览会,34.62389958,112.4385073,洛阳会展中心,2018/4/13,2018/4/15
汽摩配件,广州市,2018第九届广州国际充电桩站技术设备展览会,23.10633391,113.3784028,广州国际采购中心,2018/4/13,2018/4/15
印刷包装,广州市,2018广州国际3D打印技术展览会,23.10667607,113.3670581,广州琶洲国际采购中心,2018/4/13,2018/4/15
交通工具,广州市,2018第九届广州国际新能源汽车工业展览会,23.10633391,113.3784028,广州国际采购中心,2018/4/13,2018/4/15
房产家居,临沂市,2018中国临沂国际家居饰品及手工艺品博览会,35.02493094,118.4178788,临沂国际会展中心,2018/4/13,2018/4/15
能源矿产,广州市,2018广州国际锂电工业展览会,23.10633391,113.3784028,广州国际采购中心,2018/4/13,2018/4/15
美容美发,昆山,2018中国国际芳香产业昆山展览会,31.39085456,121.0399926,昆山国际会展中心,2018/4/13,2018/4/15
礼品玩具,青岛市,2018中国青岛国际宠物及水族产业展览会,36.11040075,120.4806224,青岛国际会展中心,2018/4/13,2018/4/15
医疗保健,上海市,2018一带一路亚洲国际医疗旅游博览会,31.23088936,121.4593154,上海展览中心,2018/4/13,2018/4/15
安全防护,武汉市,2018中国武汉消防产品与应急救援装备展览会,30.58559884,114.2802309,武汉国际会展中心,2018/4/13,2018/4/15
食品饮料,武汉市,2018第七届中国武汉国际焙烤展览会,30.51332017,114.2481555,武汉国际博览中心,2018/4/13,2018/4/15
建材五金,长沙市,2018中部长沙建材新产品招商暨全屋定制博览会,28.24062286,113.0559345,湖南国际会展中心,2018/4/13,2018/4/15
汽摩配件,广州市,2018第十六届广州国际智能交通及停车设备展览会,23.10667607,113.3670581,广州琶洲国际采购中心,2018/4/13,2018/4/15
食品饮料,南昌市,2018中国南昌茶业博览会暨紫砂陶瓷茶具茶器展,28.689578,115.8935275,南昌古玩城博览中心,2018/4/13,2018/4/16
汽摩配件,广州市,2018第十六届广州国际汽车制造装备及材料展览会,23.10633391,113.3784028,广州国际采购中心,2018/4/13,2018/4/15
孕婴童,成都市,2018亚洲幼教年会暨学前教育产业年展,30.67994285,104.0679235,成都西部国际博览城,2018/4/13,2018/4/15
汽摩配件,福州市,第83届全国汽车配件交易会,26.03315979,119.3712392,福州海峡国际会展中心,2018/4/13,2018/4/15
汽摩配件,广州市,2018第十一届广州国际润滑油品养护用品及技术设备展览会,23.10633391,113.3784028,广州国际采购中心,2018/4/13,2018/4/15
礼品玩具,上海市,2018上海国际宠博会暨上海国际宠物文化节,31.18839541,121.4965025,上海世博展览馆,2018/4/6,2018/4/8
房产家居,徐州市,2018中国徐州家具及木工机械展览会,34.2274255,117.2383136,徐州国际会展中心,2018/4/13,2018/4/15
汽摩配件,广州市,2018中国国际汽车维修检测设备及汽车养护展览会,23.10633391,113.3784028,广州国际采购中心,2018/4/13,2018/4/15
房产家居,长春市,2018东北长春第十四届国际家具展览会,43.84271979,125.4022987,长春国际会展中心,2018/4/8,2018/4/10
食品饮料,北京市,2018亚洲北京国际食品饮料展览会暨进口食品博览会,39.96787965,116.4497403,中国国际展览中心,2018/4/8,2018/4/10
光电技术,香港,2018年香港国际春季灯饰展览会,22.2869558,114.1845989,香港会议展览中心,2018/4/6,2018/4/9
建材五金,长春市,2018吉林长春第二十三届国际建筑装饰及材料博览会,43.84507486,125.399065,长春国际会展中心6号馆,2018/4/8,2018/4/10
广告媒体,银川市,第四十二届中国银川广告标识LED光电照明印刷包装办公设备博览会,38.49146858,106.2300237,银川国际会展中心,2018/4/6,2018/4/8
创业加盟,沈阳市,2018全国特许加盟连锁投资创业沈阳博览会,41.66836964,123.3796191,沈阳国际展览中心,2018/4/13,2018/4/15
体育休闲,上海市,2018上海国际潜水暨度假观光展,31.18839541,121.4965025,上海世博展览馆,2018/4/6,2018/4/8
美容美发,杭州市,2018第34届杭州美容美发美体化妆品博览会,30.29691068,120.1823172,杭州和平国际会展中心,2018/4/8,2018/4/10
汽摩配件,广州市,2018第五届中国广州国际汽车测试及质量监控展览会,23.10633391,113.3784028,广州国际采购中心,2018/4/13,2018/4/15
农林牧渔,北京市,2018第九届中国国际现代农业博览会,39.96787965,116.4497403,中国国际展览中心,2018/4/8,2018/4/10
安全防护,长春市,2018东北国际消防技术交流展览会,43.84271979,125.4022987,长春国际会展中心,2018/4/8,2018/4/10
纺织纺机,台州市,2018中国台州国际缝制设备展览会,28.59716898,121.3783353,台州国际会展中心,2018/4/8,2018/4/10
医疗保健,北京市,2018中国国际健康产业博览会,39.96787965,116.4497403,中国国际展览中心,2018/4/8,2018/4/10
礼品玩具,广州市,2018第30届广州国际玩具及模型展览会,23.10162394,113.37415,广州保利世贸展览馆,2018/4/8,2018/4/10
食品饮料,北京市,2018北京国际优质农产品展示交易会,39.96787965,116.4497403,中国国际展览中心,2018/4/8,2018/4/10
食品饮料,北京市,2018中国国际有机绿色食品暨高端食材博览会,39.96787965,116.4497403,中国国际展览中心,2018/4/8,2018/4/10
农林牧渔,武汉市,2018武汉种子交易会,30.58559884,114.2802309,武汉国际会展中心,2018/4/9,2018/4/11
电子电力,深圳市,2018第91届中国深圳电子展览会,22.53638395,114.066518,深圳会展中心,2018/4/9,2018/4/11
食品饮料,北京市,2018第十九届国际高端健康食用油及橄榄油北京博览会,39.96787965,116.4497403,中国国际展览中心,2018/4/8,2018/4/10
机械工业,上海市,2018第十届中国数控机床展览会,31.21315614,121.5727953,上海新国际博览中心,2018/4/9,2018/4/13
电子电力,深圳市,2018中国深圳锂电新能源展,22.53638395,114.066518,深圳会展中心,2018/4/9,2018/4/11
消费电子,深圳市,2018第六届中国电子信息博览会,22.53638395,114.066518,深圳会展中心,2018/4/9,2018/4/11
暖通制冷,北京市,第二十九届国际制冷空调供暖通风及食品冷冻加工展览会,40.07713983,116.5552437,中国国际展览中心新馆,2018/4/9,2018/4/11
建材五金,重庆市,2018第二届中国重庆建筑及装饰材料博览会,29.72482313,106.548697,重庆国际博览中心,2018/4/9,2018/4/11
孕婴童,昆明市,2018中国昆明孕婴童用品暨幼教玩具博览会,25.0153581,102.7377783,昆明国际会展中心,2018/3/23,2018/3/25
建材五金,广州市,2018广州第二届复合材料及制品展览会,23.1036931,113.3668379,南丰国际会展中心,2018/4/10,2018/4/12
印刷包装,东莞市,2018中国国际彩盒展,22.9062441,113.6672813,广东现代国际展览中心,2018/4/10,2018/4/12
美容美发,西安市,2018中国西安国际美容美发化妆品博览会春季暨第三届中国西安国际美业微电商展,34.20211625,108.957183,西安曲江国际会展中心,2018/4/10,2018/4/12
印刷包装,东莞市,2018中国包装容器展,22.9062441,113.6672813,广东现代国际展览中心,2018/4/10,2018/4/12
印刷包装,东莞市,2018华南国际瓦楞展,22.9062441,113.6672813,广东现代国际展览中心,2018/4/10,2018/4/12
汽摩配件,长春市,2018第12届中国长春汽车制造技术及设备展览会,43.84271979,125.4022987,长春国际会展中心,2018/3/23,2018/3/25
安全防护,南宁市,2018广西国际社会公共安全产品暨智慧城市产品展览会,22.81439522,108.3857217,广西南宁国际会展中心,2018/3/23,2018/3/25
美容美发,郑州市,2018第四十届郑州国际美容美发化妆品博览会,34.75380409,113.712761,河南郑州中原国际博览中心,2018/3/23,2018/3/25
印刷包装,北京市,2018中国北京国际印刷包装工业展览会,39.96787965,116.4497403,中国国际展览中心,2018/3/23,2018/3/25
化工橡塑,青岛市,2018第十五届中国国际橡胶技术青岛展览会,36.11040075,120.4806224,青岛国际会展中心,2018/4/9,2018/4/11
机械工业,长春市,2018第十一届中国东北长春国际铸造展览会,43.84271979,125.4022987,长春国际会展中心,2018/3/23,2018/3/25
机械工业,长春市,2018中国长春国际装备制造业博览会,43.84271979,125.4022987,长春国际会展中心,2018/3/23,2018/3/25
汽摩配件,长春市,2018第十五届中国长春国际汽车零配件及售后服务用品展洽会,43.84271979,125.4022987,长春国际会展中心,2018/3/23,2018/3/25
广告媒体,南宁市,2018第19届广西广告设备展览会,22.81439522,108.3857217,广西南宁国际会展中心,2018/3/23,2018/3/25
创业加盟,武汉市,2018中国特许加盟展,30.58559884,114.2802309,武汉国际会展中心,2018/3/24,2018/3/26
光电技术,南宁市,2018年第十三届广西LED及灯饰照明展览会,22.81439522,108.3857217,广西南宁国际会展中心,2018/3/23,2018/3/25
广告媒体,沈阳市,2018沈阳国际广告节,41.75681957,123.4449643,沈阳新世界博览馆,2018/3/23,2018/3/25
文化教育,南京市,2018第六届南京国际佛事文化用品展览会,32.08221873,118.8132783,南京国际展览中心,2018/3/23,2018/3/26
钢铁冶金,上海市,2018中国上海国际粉末冶金硬质合金与先进陶瓷展览会,31.1737722,121.4346345,上海光大会展中心,2018/3/25,2018/3/27
机械工业,台州市,2018第14届中国台州机床展览会,28.59716898,121.3783353,台州国际会展中心,2018/3/24,2018/3/26
医疗保健,长春市,2018第四十三届长春国际医疗器械卫生产业博览会,43.84271979,125.4022987,长春国际会展中心,2018/3/23,2018/3/25
机械工业,合肥市,第六届中国合肥工程机械暨轨道交通设施设备展,31.78596041,117.2296822,安徽国际会展中心,2018/3/24,2018/3/26
创业加盟,济南市,2018中国微商博览会,36.64102085,117.0306755,济南舜耕国际会展中心,2018/3/25,2018/3/26
食品饮料,呼和浩特市,第十二届中国内蒙古乳业博览会暨高峰论坛,40.83103448,111.754918,内蒙古国际会展中心,2018/3/25,2018/3/27
能源矿产,北京市,2018中国国际清洁能源科技推广周,39.96787965,116.4497403,中国国际展览中心,2018/3/25,2018/3/31
农林牧渔,北京市,第六届中国北京国际设施农业及园艺资材展览会,39.94625561,116.350719,北京展览馆,2018/3/26,2018/3/28
环保水处理,广州市,2018广州国际水展,23.10633391,113.3784028,广州国际采购中心,2018/3/26,2018/3/28
运输物流,上海市,2018上海国际杂货运输展览会,31.18839541,121.4965025,上海世博展览馆,2018/3/26,2018/3/28
服装配饰,上海市,2018上海国际流行服饰展,31.18839541,121.4965025,上海世博展览馆,2018/3/26,2018/3/28
农林牧渔,呼和浩特市,2018第十届中国内蒙古农牧业机械展览会暨论坛,40.83103448,111.754918,内蒙古国际会展中心呼和浩特东二环与大学东路交汇处,2018/3/26,2018/3/28
服装配饰,上海市,第十三届中国上海国际袜业采购交易会,31.18839541,121.4965025,上海世博展览馆,2018/3/26,2018/3/28
汽摩配件,沈阳市,2018中国沈阳国际润滑油脂及技术设备展览会,41.66836964,123.3796191,沈阳国际展览中心,2018/3/25,2018/3/27
电子电力,上海市,2018中国上海国际绕线机线圈绝缘材料及电机制造展览会,31.18839541,121.4965025,上海世博展览馆,2018/3/26,2018/3/28
机械工业,深圳市,2018第十九届深圳国际机械制造工业展览会,22.53638395,114.066518,深圳会展中心,2018/3/29,2018/4/1
建材五金,上海市,第三十二届中国国际五金博览会,31.19545539,121.3087136,国家会展中心上海,2018/3/29,2018/3/31
机械工业,深圳市,2018深圳国际机器人及智能化展览会,22.53638395,114.066518,深圳会展中心,2018/3/29,2018/4/1
酒店用品,上海市,第27届上海国际酒店及餐饮业博览会,31.21315614,121.5727953,上海新国际博览中心,2018/3/26,2018/3/29
奢侈品,沈阳市,2018东北沈阳第十二届奢侈品文化展示交易博览会,41.77825298,123.4401666,辽宁工业展览馆,2018/3/29,2018/4/1
机械工业,廊坊市,2018第十一二届中国节能炉具博览会,39.51861063,116.7036022,廊坊国际会议展览中心,2018/3/29,2018/3/31
安全防护,杭州市,2018第十八届浙江国际智能楼宇技术与安防产品展览会,30.29691068,120.1823172,杭州和平国际会展中心,2018/3/29,2018/3/31
文化艺术,北京市,2018中国北京艺术与框业展览会,39.96787965,116.4497403,中国国际展览中心,2018/3/29,2018/3/31
文化教育,长沙市,第二十五届长沙图书交易会,28.21018409,112.9961787,湖南省展览馆,2018/3/30,2018/4/1
汽摩配件,上海市,2018第四届上海国际汽车灯具展览会暨第十三届汽车灯具产业发展技术论坛,31.28466588,121.1749216,上海汽车会展中心,2018/3/29,2018/3/30
医疗保健,昆明市,2018中西部昆明医疗器械展览会,25.0153581,102.7377783,昆明国际会展中心,2018/3/29,2018/3/31
奢侈品,南京市,2018第十九届南京国际珠宝首饰展览会,32.08221873,118.8132783,南京国际展览中心,2018/3/30,2018/4/2
奢侈品,成都市,2018第28届成都国际珠宝首饰展览会,30.56346114,104.0817295,成都世纪城新国际会展中心,2018/3/30,2018/4/2
光电技术,重庆市,2018第十九届中国中西部国际光电与智能制造博览会暨论坛,29.72482313,106.548697,重庆国际博览中心,2018/3/29,2018/3/31
汽摩配件,临沂市,第十七届中国临沂汽车用品交易会,35.02493094,118.4178788,临沂国际会展中心,2018/3/30,2018/4/1
安全防护,重庆市,2018中国重庆智慧城市暨社会公共安全警用装备产品技术展览会,29.53083447,106.4995869,重庆展览中心,2018/3/30,2018/4/1
礼品玩具,北京市,2018中国宠物文化节小宠嘉年华北京站,39.82833261,116.5275431,北京亦庄亦创国际会展中心,2018/3/30,2018/4/2
机械工业,杭州市,2018第十七届浙江杭州装备制造业博览会,30.23765773,120.245041,杭州国际博览中心,2018/3/30,2018/4/1
创业加盟,北京市,2018第十一届中国国际投资理财博览会,39.94700886,116.4703069,北京全国农业展览馆,2018/3/31,2018/4/1
婚庆婚博,上海市,2018春季中国婚博会,31.18839541,121.4965025,上海世博展览馆,2018/3/31,2018/4/1
旅游行业,西安市,2018中国西安丝绸之路国际旅游博览会,34.20211625,108.957183,西安曲江国际会展中心,2018/3/30,2018/4/1
创业加盟,北京市,2018北京国际餐饮连锁加盟展览会暨餐饮供应链大会,39.94700886,116.4703069,北京全国农业展览馆,2018/3/31,2018/4/1
创业加盟,北京市,2018第34届北京国际连锁加盟展览会,39.94700886,116.4703069,北京全国农业展览馆,2018/3/31,2018/4/1
办公用品,宁波市,2018第15届中国国际文具礼品博览会,29.87533863,121.6209057,宁波国际会展中心,2018/3/29,2018/3/31
创业加盟,上海市,2018海外置业移民投资上海展览会,31.29877207,121.5202377,上海国际会议中心,2018/3/16,2018/3/18
房产家居,东莞市,第三十九届国际名家具东莞展览会,22.9062441,113.6672813,广东现代国际展览中心,2018/3/16,2018/3/20
广告媒体,贵阳市,2018第六届贵州广告设备器材暨LED照明展,26.64786379,106.6525086,贵阳国际会议展览中心,2018/3/31,2018/4/2
建材五金,武汉市,2018武汉国际绿色建筑建材博览会,30.51332017,114.2481555,武汉国际博览中心,2018/3/29,2018/3/31
机械工业,南京市,2018中国南京国际机床展览会,32.00017759,118.7241743,南京国际博览中心,2018/3/16,2018/3/18
文化艺术,烟台市,2018山东烟台国际艺博会,37.46815414,121.477111,烟台国际博览中心,2018/3/16,2018/3/19
孕婴童,南京市,2018中国江苏国际孕婴童用品博览会,32.08221873,118.8132783,南京国际展览中心,2018/3/16,2018/3/18
广告媒体,长春市,2018年长春第二十一届广告印刷及LED照明博览会,43.84271979,125.4022987,长春国际会展中心,2018/3/16,2018/3/18
文化教育,广州市,2018广州国际教育产业博览会,23.1036931,113.3668379,南丰国际会展中心,2018/3/17,2018/3/19
医疗保健,郑州市,2018第33届中原医疗器械展览会,34.77795862,113.7372866,郑州国际会展中心,2018/3/16,2018/3/18
奢侈品,北京市,2018北京春季国际珠宝玉石首饰展览会,39.94700886,116.4703069,北京全国农业展览馆,2018/3/16,2018/3/19
广告媒体,天津市,2018年天津广告四新与传媒博览会春季,39.09172818,117.2129161,天津国际展览中心,2018/3/17,2018/3/19
医疗保健,重庆市,2018第二十六届中国中西部重庆医疗器械展览会,29.5306354,106.5725402,重庆南坪国际会展中心,2018/3/16,2018/3/18
纸业制品,济南市,2018山东国际制浆造纸技术及装备展览会,36.67291453,117.0891048,山东机械设备展览中心,2018/3/16,2018/3/18
广告媒体,昆明市,2018第十二届云南广告四新暨LED照明展览会,25.0153581,102.7377783,昆明国际会展中心,2018/3/16,2018/3/18
美容美发,长沙市,2018湖南春季美容美发化妆品博览会,28.21018409,112.9961787,湖南省展览馆,2018/3/17,2018/3/19
广告媒体,太原市,2018第二十届山西广告展览会,37.8227246,112.5414777,中国太原煤炭交易中心,2018/3/17,2018/3/19
房产家居,广州市,2018第41届中国广州国际家具博览会第一期,23.14996589,113.2634958,中国进出口商品交易会展馆琶洲馆,2018/3/18,2018/3/21
农林牧渔,赤峰市,2018第二十二届内蒙古国际农业博览会暨肥料种子农药专项展示订货会,,,内蒙古国际会展中心,2018/3/17,2018/3/19
孕婴童,广州市,2018广州国际儿童创新教育博览会,23.1036931,113.3668379,南丰国际会展中心,2018/3/17,2018/3/19
建材五金,上海市,2018,31.21315614,121.5727953,上海新国际博览中心,2018/3/20,2018/3/22
建材五金,上海市,2018第二十届中国国际地面材料及铺装技术展览会,31.21315614,121.5727953,上海新国际博览中心,2018/3/20,2018/3/22
文化艺术,义乌市,2018第十七届中国框业与装饰画展览会,29.31803398,120.1198666,义乌国际博览中心,2018/3/18,2018/3/20
医疗保健,武汉市,2018第三十四届湖北武汉国际先进医疗仪器设备展览会,30.58559884,114.2802309,武汉国际会展中心,2018/3/20,2018/3/22
仪器仪表,重庆市,第十五届中国检验医学暨输血仪器试剂博览会,29.72482313,106.548697,重庆国际博览中心,2018/3/18,2018/3/20
电子电力,上海市,第27届中国国际电子电路展览会,31.19545539,121.3087136,国家会展中心上海,2018/3/20,2018/3/22
美容美发,上海市,2018上海中国国际化妆品个人及家庭护理用品原料展览会,31.18839541,121.4965025,上海世博展览馆,2018/3/19,2018/3/21
旅游行业,上海市,2018中国上海国际奖励旅游及大会博览会,31.22853327,121.3988929,上海跨国采购会展中心,2018/3/20,2018/3/22
运输物流,上海市,2018上海国际集装箱展览会,31.18839541,121.4965025,上海世博展览馆,2018/3/20,2018/3/22
纺织纺机,东莞市,第十九届中国东莞国际纺织制衣工业技术展,22.9062441,113.6672813,广东现代国际展览中心,2018/3/27,2018/3/30
动漫游戏,广州市,2018广州国际品牌授权展览会,23.1036931,113.3668379,南丰国际会展中心,2018/3/17,2018/3/19
汽摩配件,北京市,2018中国国际电动汽车充电基础设施展览会,39.96787965,116.4497403,中国国际展览中心,2018/3/27,2018/3/29
能源矿产,北京市,第十八届中国国际防爆电气技术设备展览会,40.07713983,116.5552437,中国国际展览中心新馆,2018/3/27,2018/3/29
能源矿产,北京市,第十八届中国国际海洋石油天然气展览会,40.07713983,116.5552437,中国国际展览中心新馆,2018/3/27,2018/3/29
能源矿产,北京市,第八届中国国际页岩气技术与装备展览会,40.07713983,116.5552437,中国国际展览中心新馆,2018/3/27,2018/3/29
能源矿产,北京市,第八届中国国际天然气技术装备展览会,40.07713983,116.5552437,中国国际展览中心新馆,2018/3/27,2018/3/29
房产家居,深圳市,第三十三届深圳国际家具展览会,22.53638395,114.066518,深圳会展中心,2018/3/19,2018/3/22
仪器仪表,广州市,2018广州国际分析测试及实验室设备展览会暨技术研讨会,23.10162394,113.37415,广州保利世贸展览馆,2018/3/27,2018/3/29
机械工业,济南市,2018第二十一届济南国际机床展览会,36.69231833,117.1302235,济南国际会展中心,2018/3/27,2018/3/29
房产家居,广州市,2018第41届中国广州国际家具博览会第二期,23.10162394,113.37415,广州保利世贸展览馆,2018/3/28,2018/3/31
礼品玩具,北京市,2018第三十七届中国北京国际礼品赠品及家庭用品展览会春季,39.96787965,116.4497403,中国国际展览中心,2018/3/27,2018/3/29
光电技术,上海市,第十三届中国上海国际照明展览会,31.19545539,121.3087136,国家会展中心上海,2018/3/28,2018/3/31
光电技术,扬州市,2018第七届中国扬州户外照明及LED照明展览会,32.39844372,119.3850402,扬州国际展览中心,2018/3/28,2018/3/30
钢铁冶金,重庆市,第十八届中国紧固件弹簧及设备展览会,29.72482313,106.548697,重庆国际博览中心,2018/3/28,2018/3/30
广告媒体,上海市,第二十六届上海国际广告技术设备展览会,31.19545539,121.3087136,国家会展中心上海,2018/3/28,2018/3/31
能源矿产,北京市,2018第十八届中国国际石油天然气管道与储运技术装备展览会cipe,40.07713983,116.5552437,中国国际展览中心新馆,2018/3/27,2018/3/29
美容美发,北京市,2018北京国际美博会,40.00504938,116.3965327,北京国家会议中心,2018/3/28,2018/3/30
能源矿产,北京市,第十八届中国国际石油石化技术装备展览会,40.07713983,116.5552437,中国国际展览中心新馆,2018/3/27,2018/3/29
医疗保健,沈阳市,2018第四十四届春季,41.66836964,123.3796191,沈阳国际展览中心,2018/3/28,2018/3/30
机械工业,无锡市,2018无锡太湖国际工业博览会,31.48401708,120.3290936,无锡太湖国际博览中心,2018/3/28,2018/3/31
纺织纺机,上海市,2018上海国际纺织品数字喷墨印花展,31.19545539,121.3087136,国家会展中心上海,2018/3/28,2018/3/31
钢铁冶金,重庆市,第十八届中国国际热处理工业炉展览会,29.72482313,106.548697,重庆国际博览中心,2018/3/28,2018/3/30
印刷包装,上海市,第二十六届上海国际印刷包装纸业展览会暨第十届中国国际瓦楞彩盒数字包装印刷展览会,31.19545539,121.3087136,国家会展中心上海,2018/3/28,2018/3/31
建材五金,广州市,2018广州国际木工机械及配件展览会,23.1036931,113.3668379,南丰国际会展中心,2018/3/28,2018/3/30
钢铁冶金,重庆市,2018第十八届中国金属冶金展,29.72482313,106.548697,重庆国际博览中心,2018/3/28,2018/3/30
环保水处理,重庆市,2018中国重庆节能环保产业博览会,29.72482313,106.548697,重庆国际博览中心,2018/3/28,2018/3/30
广告媒体,郑州市,2018春季中国郑州第三十二届中原广告展,34.77795862,113.7372866,郑州国际会展中心,2018/3/11,2018/3/13
农林牧渔,临沂市,2018中国临沂农资交易博览会,35.02493094,118.4178788,临沂国际会展中心,2018/3/12,2018/3/14
建材五金,北京市,2018中国北京国际智能建筑展览会,40.00504938,116.3965327,北京国家会议中心,2018/3/12,2018/3/14
服装配饰,上海市,2018中国国际服装服饰展览会春季,31.19545539,121.3087136,国家会展中心上海,2018/3/14,2018/3/16
汽摩配件,重庆市,2018中国汽车技术展览会,29.72482313,106.548697,重庆国际博览中心,2018/3/28,2018/3/30
食品饮料,武汉市,2018第六届中国食材电商节,30.51332017,114.2481555,武汉国际博览中心A1,2018/3/28,2018/3/30
美容美发,青岛市,2018中国青岛国际美容美发化妆品博会,36.11040075,120.4806224,青岛国际会展中心,2018/3/29,2018/3/31
房产家居,广州市,第八届中国广州衣柜展览会,23.10162394,113.37415,广州保利世贸展览馆,2018/3/28,2018/3/30
光电技术,上海市,2018慕尼黑上海光博会,31.21315614,121.5727953,上海新国际博览中心,2018/3/14,2018/3/16
电子电力,上海市,2018国际半导体设备材料制造和服务展览暨研讨会,31.21315614,121.5727953,上海新国际博览中心,2018/3/14,2018/3/16
皮革鞋业,香港,2018年亚太区皮革春季展,22.29358599,114.1861241,香港会展中心,2018/3/14,2018/3/16
广告媒体,长沙市,2018长沙国际广告标识及LED技术展览会,28.1826853,112.988523,长沙国际会展中心,2018/3/13,2018/3/15
体育休闲,上海市,2018第七届上海国际泳池水疗水上乐园温泉洗浴展览会,31.20722582,121.4064088,上海世贸商城展览馆,2018/3/14,2018/3/16
体育休闲,上海市,2018中国上海国际健身康体休闲展览会,31.18839541,121.4965025,上海世博展览馆,2018/3/14,2018/3/16
纺织纺机,上海市,2018上海国际流行时尚纱线展示会,31.18839541,121.4965025,上海世博展览馆,2018/3/13,2018/3/15
文化艺术,上海市,2018上海国际设计创意博览会,31.23088936,121.4593154,上海展览中心,2018/3/14,2018/3/17
购物年货,临沂市,2018第十二届中国临沂年货精品展销会,35.09825283,118.3192898,山东临沂商城国际会展中心,2018/2/1,2018/2/7
购物年货,苏州市,2018第一届苏州年货博览会,31.32927823,120.7158032,苏州国际博览中心,2018/2/1,2018/2/12
纺织纺机,上海市,2018中国国际纺织面料及辅料春夏博览会,31.19545539,121.3087136,国家会展中心上海,2018/3/14,2018/3/16
纺织纺机,上海市,2018中国国际家用纺织品及辅料春夏博览会,31.19545539,121.3087136,国家会展中心上海,2018/3/14,2018/3/16
电子电力,上海市,2018慕尼黑上海电子展,31.21315614,121.5727953,上海新国际博览中心,2018/3/14,2018/3/16
机械工业,宁波市,第十九届中国国际机械工业展览会,29.87533863,121.6209057,宁波国际会展中心,2018/3/15,2018/3/18
购物年货,重庆市,2018第十一届中国重庆新春年货购物节暨全球40国嘉年华,29.5306354,106.5725402,重庆南坪国际会展中心,2018/1/31,2018/2/11
机械工业,天津市,第十七届中国国际工业自动化技术装备展览会,39.1439299,117.2108131,天津梅江国际会展中心,2018/3/15,2018/3/18
购物年货,深圳市,2018深圳迎春年货博览会,22.53638395,114.066518,深圳会展中心,2018/1/31,2018/2/11
暖通制冷,上海市,2018中国热泵热水采暖干燥及特种应用展览会,31.1737722,121.4346345,上海光大会展中心,2018/3/15,2018/3/17
建材五金,北京市,2018中国国际建筑工程新技术新工艺新材料及新装备博览会暨2018中国国际建筑工业化及装配式建筑产业博览会,39.96787965,116.4497403,中国国际展览中心,2018/3/15,2018/3/17
运输物流,西安市,2018中国国际航空航天新材料新工艺暨零部件应用展览会,34.20211625,108.957183,西安曲江国际会展中心,2018/3/15,2018/3/18
购物年货,广州市,2018广州年货展销会,23.10162394,113.37415,广州保利世贸展览馆,2018/1/31,2018/2/11
机械工业,西安市,2018第二十五届中国西部国际装备制造业博览会,34.20211625,108.957183,西安曲江国际会展中心,2018/3/15,2018/3/18
购物年货,郑州市,2018年第八届全国购物节暨郑州精品年货博览会,34.77795862,113.7372866,郑州国际会展中心,2018/2/3,2018/2/11
礼品玩具,南京市,2018中国江苏国际宠物水族用品展览会暨第四届中部国际宠物水族用品博览会,32.08221873,118.8132783,南京国际展览中心,2018/3/16,2018/3/18
机械工业,天津市,2018第十四届中国天津国际机床展览会,39.1439299,117.2108131,天津梅江国际会展中心,2018/3/15,2018/3/18
建材五金,北京市,2018第二十五届中国北京国际墙纸布艺展览会,40.07713983,116.5552437,中国国际展览中心新馆,2018/3/15,2018/3/18
医疗保健,北京市,2018中国北京国际康复医疗器械辅具及健康管理展览会,39.96787965,116.4497403,中国国际展览中心,2018/3/15,2018/3/17
汽摩配件,深圳市,2018第十六届深圳春季国际汽车改装服务业展览会,22.53638395,114.066518,深圳会展中心,2018/2/28,2018/3/2
农林牧渔,北京市,第二十八届中国国际钓鱼用品贸易展览会,40.07713983,116.5552437,中国国际展览中心新馆,2018/2/26,2018/2/28
印刷包装,上海市,2018亚洲3D打印增材制造展览会,31.21315614,121.5727953,上海新国际博览中心,2018/3/1,2018/3/3
医疗保健,北京市,2018中国国际养老产业博览会,39.96787965,116.4497403,中国国际展览中心,2018/3/15,2018/3/17
体育休闲,廊坊市,中国廊坊2018年春季渔具展销订货会,39.51861063,116.7036022,廊坊国际会议展览中心,2018/2/24,2018/2/26
汽摩配件,天津市,2018中国天津国际汽车制造技术与装备展览会,39.1439299,117.2108131,天津梅江国际会展中心,2018/3/15,2018/3/18
旅游行业,广州市,2018广州国际旅游展览会,23.14996589,113.2634958,中国进出口商品交易会展馆琶洲馆,2018/3/1,2018/3/3
汽摩配件,北京市,第26届中国国际汽车用品展览会,40.07713983,116.5552437,中国国际展览中心新馆,2018/3/3,2018/3/6
消费电子,广州市,2018中国广州国际自助售货系统与设施博览交易会,23.14996589,113.2634958,中国进出口商品交易会展馆琶洲馆,2018/3/4,2018/3/6
购物年货,烟台市,2018烟台新春年货采购会,37.46815414,121.477111,烟台国际博览中心,2018/2/3,2018/2/11
贸易进出口,上海市,第28届中国华东进出口商品交易会,31.21315614,121.5727953,上海新国际博览中心,2018/3/1,2018/3/5
机械工业,广州市,2018广州国际模具展览会,23.14996589,113.2634958,中国进出口商品交易会展馆琶洲馆,2018/3/4,2018/3/6
广告媒体,昆明市,2018昆明国际广告标识及LED照明展,24.94917593,102.7143873,昆明滇池国际会展中心,2018/3/16,2018/3/18
广告媒体,广州市,2018广州国际广告标识及LED展览会,23.14996589,113.2634958,中国进出口商品交易会展馆琶洲馆,2018/3/3,2018/3/6
印刷包装,广州市,2018广州国际3D打印展览会,23.14996589,113.2634958,中国进出口商品交易会展馆琶洲馆,2018/3/4,2018/3/6
房产家居,广州市,2018中国广州国际商业智能安全系统及智能柜存储柜展览会,23.14996589,113.2634958,中国进出口商品交易会展馆琶洲馆,2018/3/4,2018/3/6
光电技术,广州市,2018广州国际激光及焊接工业展览会,23.14996589,113.2634958,中国进出口商品交易会展馆琶洲馆,2018/3/4,2018/3/6
奢侈品,上海市,2018第十八届中国上海国际眼镜业展览会,31.18839541,121.4965025,上海世博展览馆,2018/3/5,2018/3/7
消费电子,广州市,2018中国广州国际智能零售及无人售货博览会,23.14996589,113.2634958,中国进出口商品交易会展馆琶洲馆,2018/3/4,2018/3/6
化工橡塑,天津市,2018中国天津国际塑料橡胶工业展览会,39.1439299,117.2108131,天津梅江国际会展中心,2018/3/15,2018/3/18
房产家居,台州市,2018中国台州夏季居室用品展暨全国凉席产品交易会,28.59716898,121.3783353,台州国际会展中心,2018/3/5,2018/3/7
机械工业,广州市,2018第二十二届中国广州国际工业自动化技术及装备展览会,23.14996589,113.2634958,中国进出口商品交易会展馆琶洲馆,2018/3/4,2018/3/6
动漫游戏,重庆市,2018第十七届comitime动漫嘉年华,30.66770961,108.7741512,重庆陈家坪展览中心,2018/2/3,2018/2/4
汽摩配件,北京市,2018第68届北京国际汽保展览会暨汽车美容快修连锁经营展,40.07713983,116.5552437,中国国际展览中心新馆,2018/4/1,2018/4/4
创业加盟,广州市,2018第三十六届广州特许连锁加盟展览会,23.14996589,113.2634958,中国进出口商品交易会展馆琶洲馆,2018/3/4,2018/3/6
农林牧渔,太原市,第十届山西太原国际畜牧业交易会,37.86656599,112.5154959,山西省展览馆,2018/4/1,2018/4/3
美容美发,义乌市,2018第六届中国义乌美容化妆品日化产品原料技术及设备包装展,29.31803398,120.1198666,义乌国际博览中心,2018/4/1,2018/4/3
文化教育,义乌市,2018中国国际成人保健及生殖健康展览会,29.31803398,120.1198666,义乌国际博览中心,2018/4/1,2018/4/3
机械工业,济南市,第十三届中国山东国际农业机械展览会,36.69231833,117.1302235,济南国际会展中心,2018/3/6,2018/3/8
广告媒体,哈尔滨市,2018中国哈尔滨第二十届国际广告新媒体新技术新设备新材料展示交易会暨国际广告标识LED照明展览会,45.7616405,126.7159957,哈尔滨国际会展体育中心A,2018/3/5,2018/3/7
建材五金,厦门市,2018第十八届中国厦门国际石材展览会,24.47350542,118.1890096,厦门国际会展中心,2018/3/6,2018/3/9
婚庆婚博,北京市,2018第二十二届中国北京婚纱及摄影器材艺术框业博览会,39.96787965,116.4497403,中国国际展览中心,2018/4/1,2018/4/3
广告媒体,广州市,2018第十八届广州国际广告展,23.10162394,113.37415,广州保利世贸展览馆,2018/3/3,2018/3/6
纺织纺机,北京市,2018北京国际面料辅料及纱线春夏展览会,39.96787965,116.4497403,中国国际展览中心,2018/4/2,2018/4/4
环保水处理,北京市,2018第十二届中国国际新风空气净化及净水设备展览会,40.00504938,116.3965327,北京国家会议中心,2018/4/2,2018/4/4
机械工业,义乌市,2018第9届中国义乌机械工业博览会,29.31803398,120.1198666,义乌国际博览中心,2018/4/1,2018/4/3
环保水处理,广州市,2018广州国际水处理技术与设备展览会,23.10162394,113.37415,广州保利世贸展览馆,2018/4/2,2018/4/4
机械工业,北京市,2018第十二届中国国际锅炉及新型供暖设备展览会,40.00504938,116.3965327,北京国家会议中心,2018/4/2,2018/4/4
机械工业,上海市,2018中国国际进出口轴承及轴承装备展览会,31.21315614,121.5727953,上海新国际博览中心,2018/4/2,2018/4/4
能源矿产,济南市,2018第十三届中国济南国际太阳能利用大会暨展览会,36.68278473,117.0249671,济南高新国际会展中心,2018/4/2,2018/4/4
环保水处理,北京市,2018第十届中国国际脱硫脱硝及除尘技术设备展览会,40.00504938,116.3965327,北京国家会议中心,2018/4/2,2018/4/4
机械工业,上海市,2018上海国际工业自动化及机器人展览会,31.21315614,121.5727953,上海新国际博览中心,2018/4/2,2018/4/4
建材五金,广州市,2018广东国际泵管阀展,23.10162394,113.37415,广州保利世贸展览馆,2018/4/2,2018/4/4
美容美发,济南市,2018中国济南国际美容美发化妆品产业博览会,36.5435906,116.806546,济南园博园国际会展中心,2018/4/2,2018/4/4
环保水处理,北京市,第十届中国北京国际袋式除尘技术与设备展览会,40.00504938,116.3965327,北京国家会议中心,2018/4/2,2018/4/4
体育休闲,广州市,2018亚洲影剧院技术及设施展,23.14996589,113.2634958,中国进出口商品交易会展馆琶洲馆,2018/4/3,2018/4/5
体育休闲,广州市,2018亚洲乐园及景点博览会暨广州国际电玩及游艺设备主题公园与文旅产业展览会,23.14996589,113.2634958,中国进出口商品交易会展馆琶洲馆,2018/4/3,2018/4/5
环保水处理,北京市,2018第十二届中国国际节能减排展览会,40.07713983,116.5552437,中国国际展览中心新馆,2018/4/2,2018/4/4
医疗保健,广州市,2018第二十三届华南国际口腔展览会,23.14996589,113.2634958,中国进出口商品交易会展馆琶洲馆,2018/4/4,2018/4/7
房产家居,深圳市,2018深圳名品家博会,22.53638395,114.066518,深圳会展中心,2018/4/4,2018/4/6
孕婴童,深圳市,2018深圳母婴博览会,22.53638395,114.066518,深圳会展中心,2018/4/4,2018/4/6
房产家居,上海市,2018中国上海国际智能家居展览会全智展,31.21315614,121.5727953,上海新国际博览中心,2018/4/2,2018/4/4
农林牧渔,哈尔滨市,2018东北三省畜牧业交易会暨哈尔滨畜牧产业博览会,45.76188107,126.7019144,哈尔滨国际会展中心,2018/4/3,2018/4/5
安全防护,郑州市,2018第十六届中国郑州社会公共安全产品博览会,34.77795862,113.7372866,郑州国际会展中心,2018/4/3,2018/4/5
体育休闲,广州市,2018第十二届广州国际台球及配套设施展,23.14996589,113.2634958,中国进出口商品交易会展馆琶洲馆,2018/4/3,2018/4/5
钢铁冶金,上海市,2018第十四届中国上海国际铸造展览会,31.21315614,121.5727953,上海新国际博览中心,2018/11/19,2018/11/21
孕婴童,北京市,2018中国北京国际幼教装备及用品展览会,39.96787965,116.4497403,中国国际展览中心,2018/11/20,2018/11/22
文化教育,北京市,2018中国国际教育装备及智慧教育展览会,39.96787965,116.4497403,中国国际展览中心,2018/11/20,2018/11/22
医疗保健,广州市,2018中国广州国际康复设备暨福祉辅具展览会,23.10162394,113.37415,广州保利世贸展览馆,2018/4/2,2018/4/4
印刷包装,广州市,2018中国国际网印及数字化印刷展,23.10162394,113.37415,广州保利世贸展览馆,2018/11/21,2018/11/23
食品饮料,北京市,2018北京世界食品博览会,40.00504938,116.3965327,北京国家会议中心,2018/11/21,2018/11/23
美容美发,厦门市,2018福建厦门海峡两岸美容美发美体化妆用品展览会,24.47350542,118.1890096,厦门国际会展中心,2018/11/22,2018/11/24
食品饮料,上海市,2018亚洲果蔬产业博览会,31.19545539,121.3087136,国家会展中心上海,2018/11/22,2018/11/24
食品饮料,北京市,2018北京国际火锅食材用品展览会,39.96787965,116.4497403,中国国际展览中心,2018/11/26,2018/11/28
汽摩配件,上海市,2018上海国际汽车零配件维修检测诊断设备及服务用品展览会,31.19545539,121.3087136,国家会展中心上海,2018/11/28,2018/12/1
消费电子,宁波市,2018中国宁波家电配件采购展览会,29.87533863,121.6209057,宁波国际会展中心,2018/11/28,2018/11/30
机械工业,上海市,2018第九届中国国际工程机械建材机械矿山机械工程车辆及设备博览会上海宝马展,31.21315614,121.5727953,上海新国际博览中心,2018/11/27,2018/11/30
机械工业,郑州市,2018中国郑州国际电梯展览会,34.77795862,113.7372866,郑州国际会展中心,2018/11/23,2018/11/25
创业加盟,北京市,CAE第十三届中国国际加盟展览会,40.00504938,116.3965327,北京国家会议中心,2018/11/26,2018/11/28
美容美发,深圳市,2018深港韩时尚美容博览会,22.53638395,114.066518,深圳会展中心,2018/4/4,2018/4/6
创业加盟,上海市,2018第十六届上海理财博览会,31.23088936,121.4593154,上海展览中心,2018/11/30,2018/12/2
建材五金,广州市,第二十三届中国国际涂料油墨及粘合剂展览会,23.14996589,113.2634958,中国进出口商品交易会展馆琶洲馆,2018/12/4,2018/12/6
食品饮料,北京市,第九届IEOE中国国际食用油产业博览会,39.96787965,116.4497403,中国国际展览中心,2018/12/4,2018/12/6
机械工业,北京市,2018第十四届中国北京国际煤炭装备及矿山技术设备展览会,39.96787965,116.4497403,中国国际展览中心,2018/11/21,2018/11/23
消费电子,上海市,2018上海国际潮流暨蒸汽文化周,31.21315614,121.5727953,上海新国际博览中心,2018/12/7,2018/12/9
安全防护,上海市,2018第十三届上海国际消防保安技术设备展览会,31.18839541,121.4965025,上海世博展览馆,2018/12/12,2018/12/14
旅游行业,深圳市,2018中国深圳国际旅游博览会,22.53638395,114.066518,深圳会展中心,2018/11/30,2018/12/2
美容美发,昆明市,2018中国昆明国际美容美发化妆品博览会,25.0153581,102.7377783,昆明国际会展中心,2018/12/12,2018/12/14
美容美发,南宁市,2018中国南宁国际高端美容院线产品及化妆品产业博览会,22.81439522,108.3857217,广西南宁国际会展中心,2018/12/6,2018/12/8
酒店用品,广州市,2018上海国际酒店用品博览会广州,23.10162394,113.37415,广州保利世贸展览馆,2018/12/17,2018/12/19
广告媒体,福州市,2018福州国际广告标识及LED照明展,26.03315979,119.3712392,福州海峡国际会展中心,2018/3/21,2018/3/23
食品饮料,上海市,2018第十三届中国上海国际肉类工业展览会,31.21315614,121.5727953,上海新国际博览中心,2018/12/12,2018/12/14
礼品玩具,上海市,2018上海国际宠物食品用品及宠物医疗展览会,31.21315614,121.5727953,上海新国际博览中心,2018/12/13,2018/12/16
电子电力,深圳市,2018深圳国际锂电技术展览会,22.53638395,114.066518,深圳会展中心,2018/12/10,2018/12/12
机械工业,石家庄,2018第十五届河北国际装备制造业展览会,38.61383975,115.6614336,河北汇春博览中心,2018/3/21,2018/3/24
建材五金,北京市,2018第十七届中国国际门业展览会第五届中国国际集成定制家居展览会,40.07713983,116.5552437,中国国际展览中心新馆,2018/3/21,2018/3/24
安全防护,武汉市,2018中国湖北国际公共安全技术产品博览会,30.51332017,114.2481555,武汉国际博览中心,2018/3/21,2018/3/23
食品饮料,赤峰市,2018第九届中国国际薯业博览会,42.29711232,118.9307612,内蒙古赤峰市国际会展中心,2018/3/21,2018/3/22
消费电子,郑州市,2018第九届中国郑州国际厨卫电器及净水设备展览会,34.77795862,113.7372866,郑州国际会展中心,2018/3/21,2018/3/23
酒店用品,广州市,2018第二十五届广州国际酒店设备用品博览会,23.14996589,113.2634958,中国进出口商品交易会展馆琶洲馆,2018/12/16,2018/12/18
食品饮料,深圳市,第十七届中国深圳国际茶产业博览会暨紫砂陶瓷红木茶具用品展,22.53638395,114.066518,深圳会展中心,2018/12/13,2018/12/17
房产家居,北京市,2018中国国际睡眠科技产业博览会暨中国睡眠产业峰会,39.94625561,116.350719,北京展览馆,2018/3/21,2018/3/23
食品饮料,成都市,2018年第98届全国糖酒商品交易会,30.67994285,104.0679235,成都西博城国际会展中心,2018/3/22,2018/3/24
文化教育,武汉市,2018中国武汉国际乐器展览会,30.51332017,114.2481555,武汉国际博览中心B4B5馆,2018/3/22,2018/3/25
建材五金,上海市,第23届中国国际建筑贸易博览会,31.19545539,121.3087136,国家会展中心上海,2018/3/21,2018/3/23
机械工业,苏州市,2018第15届苏州国际工业博览会,31.32927823,120.7158032,苏州国际博览中心,2018/3/22,2018/3/25
机械工业,郑州市,2018中国中部郑州国际装备制造业博览会,34.77795862,113.7372866,郑州国际会展中心,2018/3/22,2018/3/24
信息通信,北京市,2018中国国际广播电视信息网络展览会,39.96787965,116.4497403,中国国际展览中心,2018/3/22,2018/3/24
印刷包装,上海市,2018亚洲瓦楞精品展,31.19545539,121.3087136,国家会展中心上海,2018/3/21,2018/3/23
食品饮料,上海市,2018第二十二届中国国际食品添加剂和配料展览会暨第二十八届全国食品添加剂生产应用技术展示会,31.19545539,121.3087136,国家会展中心上海,2018/3/22,2018/3/24
医疗保健,贵阳市,第十九届中国贵阳国际医疗器械设备与技术展览会,26.64786379,106.6525086,贵阳国际会议展览中心,2018/3/22,2018/3/24
创业加盟,上海市,2018上海国际餐饮美食加盟展,31.18839541,121.4965025,上海世博展览馆,2018/3/22,2018/3/24
医疗保健,上海市,2018中国国际眼科和视光技术及设备展览会,31.22853327,121.3988929,上海跨国采购会展中心,2018/3/23,2018/3/25
化工橡塑,郑州市,2018中国郑州塑料产业博览会,34.77795862,113.7372866,郑州国际会展中心,2018/3/22,2018/3/24
医疗保健,济南市,2018第三十九届中国国际医疗器械山东博览会春暨医院管理国际系列论坛,36.69231833,117.1302235,济南国际会展中心,2018/3/22,2018/3/24
医疗保健,南宁市,第二十九届北部湾广西医疗器械展览会,22.81439522,108.3857217,广西南宁国际会展中心,2018/3/23,2018/3/25
环保水处理,厦门市,2018中国厦门国际水展暨海丝之路水安全科技会议,24.47350542,118.1890096,厦门国际会展中心,2018/3/22,2018/3/24
交通工具,天津市,2018第十八届中国北方国际自行车电动车展览会,39.1439299,117.2108131,天津梅江国际会展中心,2018/3/23,2018/3/25
汽摩配件,武汉市,2018中国武汉国际汽车技术展览会,30.51332017,114.2481555,武汉国际博览中心,2018/3/22,2018/3/24
机械工业,济南市,2018第十三届中国山东国际装备制造业博览会,36.69231833,117.1302235,济南国际会展中心,2018/3/6,2018/3/8
交通工具,宁波市,第二十九届宁波国际汽车博览会,29.87533863,121.6209057,宁波国际会展中心,2018/3/23,2018/3/26
机械工业,上海市,2018上海国际切削工具及装备展览会,31.19545539,121.3087136,国家会展中心上海,2018/3/7,2018/3/10
机械工业,济南市,2018济南国际数控机床展览会,36.69231833,117.1302235,济南国际会展中心,2018/3/6,2018/3/8
纺织纺机,深圳市,2018春深圳国际家纺布艺暨家居装饰博览会,22.53638395,114.066518,深圳会展中心,2018/3/7,2018/3/10
消费电子,广州市,2018广州国际电子商务博览会,23.1036931,113.3668379,南丰国际会展中心,2018/3/23,2018/3/24
机械工业,上海市,2018中国机床展,31.19545539,121.3087136,国家会展中心上海,2018/3/7,2018/3/10
交通工具,郑州市,2018河南郑州国际新能源汽车及充电设施展览会,34.77795862,113.7372866,郑州国际会展中心,2018/3/6,2018/3/8
广告媒体,重庆市,2018第十七届中国西部国际广告节,29.53976222,106.5678841,重庆国际会议展览中心,2018/3/23,2018/3/25
孕婴童,南昌市,2018第六届中国南昌孕婴童产品展览会,28.61053094,115.8017864,南昌绿地国际博览中心,2018/3/8,2018/3/10
农林牧渔,上海市,第十九届中国国际农用化学品及植保展览会种子贸易专区,31.21315614,121.5727953,上海新国际博览中心,2018/3/7,2018/3/9
机械工业,上海市,2018中国上海国际现代工业智能装备展览会,31.19545539,121.3087136,国家会展中心上海,2018/3/7,2018/3/10
医疗保健,南京市,2018第二十届中国国际医疗器械江苏博览会暨华东地区医院管理高级论坛,32.00017759,118.7241743,南京国际博览中心,2018/3/8,2018/3/10
建材五金,北京市,2018第二十五届中国北京国际建筑装饰及材料博览会,39.92354785,116.3522819,北京国际展览中心新馆+老馆,2018/3/9,2018/3/12
建材五金,北京市,2018中国国际北京自动门电动门展览会,39.96787965,116.4497403,中国国际展览中心,2018/3/9,2018/3/12
医疗保健,成都市,2018第二十二届西部成都医疗器械展览会,30.56346114,104.0817295,成都世纪城新国际会展中心,2018/3/9,2018/3/11
机械工业,温州市,2018中国温州国际工业博览会,28.02241153,120.7246503,温州国际会展中心,2018/3/9,2018/3/11
消费电子,上海市,2018中国家电及消费电子博览会,31.21315614,121.5727953,上海新国际博览中心,2018/3/8,2018/3/11
孕婴童,上海市,中国上海第二十三届国际玩具暨上海第五十四届玩具博览会童车童床专业盛会,31.1737722,121.4346345,上海光大会展中心,2018/3/9,2018/3/11
医疗保健,北京市,2018第30届国际医疗仪器设备展览会,40.00504938,116.3965327,北京国家会议中心,2018/3/23,2018/3/25
医疗保健,西安市,第三十四届西部国际医疗器械展览会,34.20211625,108.957183,西安曲江国际会展中心,2018/3/8,2018/3/10
医疗保健,成都市,2018西部医院信息化建设展览会暨大会,30.56346114,104.0817295,成都世纪城新国际会展中心,2018/3/9,2018/3/11
广告媒体,长沙市,2018第十九届湖南广告四新展览会,28.11362013,113.0207805,长沙红星国际会展中心,2018/3/9,2018/3/11
建材五金,邢台市,2018中国沙河国际玻璃工业展览会,36.93863546,114.2830925,沙河国际会展中心,2018/3/10,2018/3/13
房产家居,成都市,2018成都家博会,30.56346114,104.0817295,成都世纪城新国际会展中心,2018/3/9,2018/3/12
建材五金,上海市,2018中国华夏家博会,31.18839541,121.4965025,上海世博展览馆,2018/3/9,2018/3/11
婚庆婚博,天津市,2018第十五届天津婚博会,39.1439299,117.2108131,天津梅江国际会展中心,2018/3/10,2018/3/11
美容美发,广州市,2018第四十八届广东国际美容美发化妆用品进出口博览会,23.14996589,113.2634958,中国进出口商品交易会展馆琶洲馆,2018/3/10,2018/3/12
创业加盟,西安市,2018中国西安连锁加盟创业投资博览会,34.20211625,108.957183,西安曲江国际会展中心,2018/3/9,2018/3/11
医疗保健,合肥市,第23届安徽医疗器械展览会,31.76140865,117.3035499,合肥滨湖国际会展中心,2018/3/9,2018/3/11
钢铁冶金,青岛市,2018第十六届中国青岛国际金属加工技术设备展览会,36.11040075,120.4806224,青岛国际会展中心,2018/3/9,2018/3/11
建材五金,广州市,2018第二十四届全国铝门窗幕墙行业年会暨铝门窗幕墙新产品博览会,23.10162394,113.37415,广州保利世贸展览馆,2018/3/11,2018/3/13
印刷包装,广州市,2018中国国际包装工业展,23.14996589,113.2634958,中国进出口商品交易会展馆琶洲馆,2018/3/10,2018/3/12
印刷包装,广州市,2018第二十五届华南国际印刷工业展览会,23.14996589,113.2634958,中国进出口商品交易会展馆琶洲馆,2018/3/10,2018/3/12
体育休闲,上海市,2018第36届中国国际体育用品博览会,31.19545539,121.3087136,国家会展中心上海,2018/5/25,2018/5/27
建材五金,上海市,2018中国华夏家博会,31.18839541,121.4965025,上海世博展览馆,2018/4/29,2018/5/1
建材五金,广州市,第21届广州国际阀门管业及流体设备展览会,23.14996589,113.2634958,中国进出口商品交易会展馆琶洲馆,2018/5/9,2018/5/11
汽摩配件,成都市,2018成都国际汽车零配件及售后服务展览会,30.56346114,104.0817295,成都世纪城新国际会展中心,2018/5/24,2018/5/26
文化教育,西安市,2018中国西安青少年教育产业博览会,34.20211625,108.957183,西安曲江国际会展中心,2018/5/25,2018/5/27
奢侈品,温州市,2018第十六届中国温州国际眼镜业展览会,28.02241153,120.7246503,温州国际会展中心,2018/5/5,2018/5/7
文化艺术,北京市,2018艺术北京博览会,39.94700886,116.4703069,北京全国农业展览馆,2018/4/29,2018/5/2
建材五金,上海市,第29届中国上海国际建材及室内装饰展览会,31.21315614,121.5727953,上海新国际博览中心,2018/7/18,2018/7/20
纺织纺机,义乌市,第十九届中国义乌国际纺织机械展览会,29.31803398,120.1198666,义乌国际博览中心,2018/5/17,2018/5/19
纺织纺机,南京市,2018第十七届南京国际纺织品面料辅料博览会,32.08221873,118.8132783,南京国际展览中心,2018/5/17,2018/5/19
建材五金,哈尔滨市,2018第18届中国哈尔滨国际五金博览会,45.76188107,126.7019144,哈尔滨国际会展中心,2018/5/17,2018/5/19
建材五金,沈阳市,2018第七届沈阳国际家博会,41.66836964,123.3796191,沈阳国际展览中心,2018/8/5,2018/8/7
消费电子,厦门市,2018中国国际人工智能零售暨无人店产业博览会厦门站,24.47350542,118.1890096,厦门国际会展中心,2018/6/22,2018/6/24
文化教育,西安市,2018中国西安佛教文化博览会,34.19849834,108.8933614,西安绿地笔克国际会展中心,2018/6/22,2018/6/25
交通工具,北京市,2018北京国际城市轨道交通展览会,39.96787965,116.4497403,中国国际展览中心,2018/6/13,2018/6/15
汽摩配件,武汉市,2018第十六届中国武汉国际汽车服务产业博览会暨武汉国际汽车升级及改装展览会,30.51332017,114.2481555,武汉国际博览中心,2018/6/23,2018/6/25
农林牧渔,南宁市,2018广西水产畜牧业展览会,22.81439522,108.3857217,广西南宁国际会展中心,2018/6/24,2018/6/26
汽摩配件,郑州市,2018中国郑州国际汽车后市场博览会,34.77795862,113.7372866,郑州国际会展中心,2018/6/26,2018/6/29
文化教育,合肥市,2018中国安徽国际佛事用品展览会,31.78596041,117.2296822,安徽国际会展中心,2018/6/22,2018/6/25
农林牧渔,贵阳市,2018第4届贵阳渔具展,26.64572882,106.6532075,贵阳国际会展中心7号馆,2018/6/22,2018/6/24
食品饮料,北京市,2018中国国际餐饮交易博览会,39.96787965,116.4497403,中国国际展览中心,2018/6/26,2018/6/28
环保水处理,广州市,第十二届广州国际环保产业博览会,23.14996589,113.2634958,中国进出口商品交易会展馆琶洲馆,2018/6/26,2018/6/28
建材五金,上海市,2018年第四届西瓦木业上海展,31.20722582,121.4064088,上海世贸商城,2018/6/25,2018/6/27
电子电力,北京市,2018第八届中国国际智能电网建设及分布式能源展览会,39.96787965,116.4497403,中国国际展览中心,2018/6/26,2018/6/28
电子电力,上海市,2018上海国际电力元件可再生能源管理展览会,31.18839541,121.4965025,上海世博展览馆,2018/6/26,2018/6/28
机械工业,北京市,第十四届中国国际机床工具展览会,39.96787965,116.4497403,中国国际展览中心,2018/6/26,2018/6/30
创业加盟,上海市,2018上海第二十二届投资理财金融博览会,31.21315614,121.5727953,上海新国际博览中心,2018/6/27,2018/6/29
环保水处理,广州市,第十二届中国广州国际水处理技术设备展览会,23.14996589,113.2634958,中国进出口商品交易会展馆琶洲馆,2018/6/26,2018/6/28
机械工业,北京市,2018中国北京国际智能制造装备产业展览会,39.96787965,116.4497403,中国国际展览中心,2018/6/13,2018/6/15
贸易进出口,宁波市,第十七届中国国际日用消费品博览会,29.88525897,121.579006,宁波国际展览中心,2018/6/9,2018/6/12
农林牧渔,徐州市,2018第十五届华东地区肥料农资产品交易暨信息交流会,34.2274255,117.2383136,徐州国际会展中心,2018/6/26,2018/6/27
电子电力,广州市,2018第三届亚太电池技术展览会,23.14996589,113.2634958,中国进出口商品交易会展馆琶洲馆,2018/8/16,2018/8/18
机械工业,东莞市,2018华南东莞国际空压机及气动技术展览会,22.9062441,113.6672813,广东现代国际展览中心,2018/6/12,2018/6/14
汽摩配件,上海市,2018上海国际充电桩展览会,31.18839541,121.4965025,上海世博展览馆,2018/6/11,2018/6/13
建材五金,上海市,延期2018上海国际金属板材加工技术展览会,31.18839541,121.4965025,上海世博展览馆,2018/6/11,2018/6/13
安全防护,乌鲁木齐市,2018第五届中国亚欧安防博览会暨2018第十四届新疆警用反恐技术装备博览会,43.88420073,87.62754646,新疆国际会展中心,2018/8/16,2018/8/18
纺织纺机,东莞市,2018东莞国际纺织品印花技术展览会,22.9062441,113.6672813,广东现代国际展览中心,2018/6/12,2018/6/14
能源矿产,广州市,2018第十届广州国际太阳能光伏展览会,23.14996589,113.2634958,中国进出口商品交易会展馆琶洲馆,2018/8/16,2018/8/18
暖通制冷,广州市,2018第十四届广州国际电热技术与设备展览会,23.14996589,113.2634958,中国进出口商品交易会展馆琶洲馆,2018/8/16,2018/8/18
体育休闲,西安市,2018陕西体育博览会,34.20211625,108.957183,西安曲江国际会展中心,2018/8/17,2018/8/19
音响乐器,青岛市,2018中国青岛国际乐器音响声光及音乐产业博览会,36.1052149,120.3844282,青岛华秀国际会展中心,2018/8/17,2018/8/20
机械工业,上海市,2018上海国际工业自动化技术及装备展览会,31.18839541,121.4965025,上海世博展览馆,2018/6/26,2018/6/28
机械工业,广州市,第四届中国国际广州砂石及尾矿与建筑废弃物处置技术与设备展,23.14996589,113.2634958,中国进出口商品交易会展馆琶洲馆,2018/8/18,2018/8/20
机械工业,北京市,2018第二十一届中国北京国际科技产业博览会,39.96787965,116.4497403,中国国际展览中心,2018/5/17,2018/5/20
环保水处理,昆明市,2018第八届昆明国际给排水水处理展览会,25.0153581,102.7377783,昆明国际会展中心,2018/8/16,2018/8/18
建材五金,广州市,2018年中国广州国际制砖砌块工业技术装备展,23.14996589,113.2634958,中国进出口商品交易会展馆琶洲馆,2018/8/18,2018/8/20
孕婴童,成都市,2018第八届成都国际孕婴童产品博览会,30.56346114,104.0817295,成都世纪城新国际会展中心,2018/8/17,2018/8/19
音响乐器,广州市,2018第十六届中国广州国际专业灯光音响展览会,23.14996589,113.2634958,中国进出口商品交易会展馆琶洲馆,2018/5/10,2018/5/13
能源矿产,广州市,2018第七届亚太国际生物质能源技术及设备展,23.14996589,113.2634958,中国进出口商品交易会展馆琶洲馆,2018/8/16,2018/8/18
房产家居,济南市,2018年第18届济南国际家具博览会,36.69231833,117.1302235,济南国际会展中心,2018/8/18,2018/8/20
暖通制冷,广州市,2018亚太热水科技博览会暨热泵太阳能电燃气热水器展,23.14996589,113.2634958,中国进出口商品交易会展馆琶洲馆,2018/8/18,2018/8/20
礼品玩具,上海市,2018上海国际水族展,31.21315614,121.5727953,上海新国际博览中心,2018/8/22,2018/8/25
化工橡塑,上海市,2018第十六届中国国际轮胎博览会,31.18839541,121.4965025,上海世博展览馆,2018/8/20,2018/8/22
文化教育,北京市,第二十五届北京国际图书博览会,40.07713983,116.5552437,中国国际展览中心新馆,2018/8/22,2018/8/26
化工橡塑,武汉市,2018中国武汉塑料产业博览会,30.58559884,114.2802309,武汉国际会展中心,2018/8/20,2018/8/22
电子电力,上海市,2018第十届中国上海国际锂电工业展览会,31.21315614,121.5727953,上海新国际博览中心,2018/8/23,2018/8/25
建材五金,昆明市,2018第九届云南国际建筑装饰材料展览会,25.0153581,102.7377783,昆明国际会展中心,2018/8/20,2018/8/22
汽摩配件,上海市,2018中国上海国际汽车升级及配套产品展览会,31.19545539,121.3087136,国家会展中心上海,2018/8/24,2018/8/26
创业加盟,深圳市,2018深圳国际品牌授权展览会及衍生品展览会,22.53638395,114.066518,深圳会展中心,2018/8/23,2018/8/26
化工橡塑,上海市,第十届中国上海国际化工技术装备展览会,31.21315614,121.5727953,上海新国际博览中心,2018/8/23,2018/8/25
能源矿产,上海市,第十届中国国际海洋石油天然气展览会,31.21315614,121.5727953,上海新国际博览中心,2018/8/23,2018/8/25
农林牧渔,广州市,2018年中国广州国际渔业博览会,23.14996589,113.2634958,中国进出口商品交易会展馆琶洲馆,2018/8/24,2018/8/26
皮革鞋业,温州市,2018中国国际合成革展览会,28.02241153,120.7246503,温州国际会展中心,2018/8/24,2018/8/26
创业加盟,广州市,2018第六届广州国际餐饮连锁加盟展览会,23.14996589,113.2634958,中国进出口商品交易会展馆琶洲馆,2018/8/24,2018/8/26
礼品玩具,上海市,2018第二十一届亚洲宠物展览会,31.21315614,121.5727953,上海新国际博览中心,2018/8/22,2018/8/26
文化教育,东莞市,2018东莞国际佛事用品博览会,22.9062441,113.6672813,广东现代国际展览中心,2018/8/24,2018/8/27
建材五金,临沂市,2018第七届中国临沂五金博览会,35.02493094,118.4178788,临沂国际会展中心,2018/6/11,2018/6/13
美容美发,太原市,2018中国山西国际美容美发美体化妆用品博览会,37.86340281,112.534922,中国煤炭博物馆迎泽大街晋祠路口,2018/6/11,2018/6/13
消费电子,上海市,2018上海国际跨媒体技术装备创新博览会,31.18839541,121.4965025,上海世博展览馆,2018/6/11,2018/6/13
仪器仪表,上海市,2018上海国际试验机与试验设备展览会,31.1737722,121.4346345,上海光大会展中心,2018/6/12,2018/6/14
交通工具,上海市,2018上海国际智慧停车设备展览会,31.18839541,121.4965025,上海世博展览馆,2018/6/11,2018/6/13
汽摩配件,上海市,2018上海国际汽车制造技术装备及材料展览会,31.18839541,121.4965025,上海世博展览馆,2018/6/11,2018/6/13
音响乐器,北京市,第二十七届中国国际专业音响灯光乐器及技术展览会音响灯光展,40.00504938,116.3965327,北京国家会议中心,2018/8/23,2018/8/25
电子电力,广州市,2018亚洲电力电工暨智能电网展览会,23.14996589,113.2634958,中国进出口商品交易会展馆琶洲馆,2018/6/11,2018/6/13
房产家居,苏州市,第十届苏州家具展览会,31.32927823,120.7158032,苏州国际博览中心,2018/6/13,2018/6/16
消费电子,上海市,2018亚洲消费电子展,31.21315614,121.5727953,上海新国际博览中心,2018/6/13,2018/6/15
暖通制冷,上海市,2018上海国际电热技术与设备展览会,31.1737722,121.4346345,上海光大会展中心,2018/6/12,2018/6/14
机械工业,北京市,第十四届中国北京国际动力传动与控制技术展览会,39.96787965,116.4497403,中国国际展览中心,2018/6/13,2018/6/15
医疗保健,上海市,2018中国国际养老辅具及康复医疗博览会,31.21315614,121.5727953,上海新国际博览中心,2018/6/13,2018/6/15
安全防护,郑州市,2018中国郑州国际消防设备技术展览会,34.77795862,113.7372866,郑州国际会展中心,2018/6/13,2018/6/15
房产家居,成都市,2018第十八届中国成都建筑及装饰材料博览会暨整体家居衣柜展,30.56346114,104.0817295,成都世纪城新国际会展中心,2018/6/13,2018/6/15
建材五金,成都市,2018第十八届中国成都建筑及装饰材料博览会,30.56346114,104.0817295,成都世纪城新国际会展中心,2018/6/13,2018/6/15
电子电力,广州市,2018中国广州国际电线电缆及附件展览会,23.14996589,113.2634958,中国进出口商品交易会展馆琶洲馆,2018/6/11,2018/6/13
机械工业,上海市,2018中国上海国际矿山起重运输机械展览会,31.21315614,121.5727953,上海新国际博览中心,2018/6/13,2018/6/15
机械工业,深圳市,2018第22届华南国际工业自动化展,22.53638395,114.066518,深圳会展中心,2018/6/27,2018/6/29
机械工业,广州市,2018东莞机械制造工业联盟展览会,22.9062441,113.6672813,广东现代国际展览中心,2018/6/12,2018/6/14
食品饮料,北京市,2018北京国际烘焙与高端食品饮料展览会,40.00504938,116.3965327,北京国家会议中心,2018/6/27,2018/6/29
美容美发,贵阳市,2018中国贵阳国际美容美发美体化妆用品博览会,26.64786379,106.6525086,贵阳国际会议展览中心,2018/6/13,2018/6/15
化工橡塑,上海市,2018上海国际家用洗涤用品展览会,31.1737722,121.4346345,上海光大会展中心,2018/6/27,2018/6/29
电子电力,上海市,2018第十八届中国国际电机博览会暨发展论坛,31.21315614,121.5727953,上海新国际博览中心,2018/6/13,2018/6/15
化工橡塑,上海市,2018中国上海国际粉体材料及加工装备展览会,31.21315614,121.5727953,上海新国际博览中心,2018/6/13,2018/6/15
信息通信,上海市,2018年世界移动通信博览会,31.21315614,121.5727953,上海新国际博览中心,2018/6/27,2018/6/29
文化艺术,上海市,2018上海国际电影论坛暨展览会,31.18839541,121.4965025,上海世博展览馆,2018/6/13,2018/6/22
医疗保健,上海市,取消2018上海国际妇产医疗及生殖健康展览会,31.1737722,121.4346345,上海光大会展中心,2018/6/27,2018/6/29
文化教育,呼和浩特市,2018年首届内蒙古现代教育装备技术展示,40.83103448,111.754918,内蒙古国际会展中心,2018/6/27,2018/6/29
孕婴童,上海市,2018上海孕婴童与儿童体验品牌展览会,31.21315614,121.5727953,上海新国际博览中心,2018/6/27,2018/6/29
创业加盟,上海市,2018上海海外置业移民留学展览会,31.21315614,121.5727953,上海新国际博览中心,2018/6/27,2018/6/29
创业加盟,上海市,2018上海第二十六届创业项目投资暨连锁加盟展览会,31.21315614,121.5727953,上海新国际博览中心,2018/6/27,2018/6/29
食品饮料,厦门市,2018第十届中国厦门国际素食暨有机食品展览会,24.47350542,118.1890096,厦门国际会展中心,2018/5/10,2018/5/14
暖通制冷,重庆市,2018中国西部国际制冷空调供热通风及食品冷冻加工展览会,29.72482313,106.548697,重庆国际博览中心,2018/5/10,2018/5/12
食品饮料,上海市,2018第十五届上海餐饮食品博览会,31.21315614,121.5727953,上海新国际博览中心,2018/6/27,2018/6/29
美容美发,哈尔滨市,第三十四届哈尔滨亚太美容美发化妆品博览会,45.76188107,126.7019144,哈尔滨国际会展中心,2018/5/10,2018/5/12
孕婴童,义乌市,2018年义乌国际自行车童车玩具及配件博览会,29.31803398,120.1198666,义乌国际博览中心,2018/5/10,2018/5/12
安全防护,成都市,2018第十八届中国成都国际社会公共安全产品与技术展览会,30.56346114,104.0817295,成都世纪城新国际会展中心,2018/5/10,2018/5/12
医疗保健,淄博市,2018中国国际化工产品及技术装备展览会,36.79599859,118.0024641,淄博国际会展中心,2018/5/10,2018/5/12
文化教育,厦门市,2018中国厦门国际佛事用品春季展览会,24.47350542,118.1890096,厦门国际会展中心,2018/5/10,2018/5/14
建材五金,上海市,2018第七届中国国际桥梁与隧道技术大会暨2018中国国际桥梁与隧道工程技术装备展览会,31.20722582,121.4064088,上海世贸商城,2018/5/10,2018/5/12
食品饮料,合肥市,2018第十六届中国安徽国际糖酒食品交易会,31.76140865,117.3035499,合肥滨湖国际会展中心,2018/5/11,2018/5/13
食品饮料,北京市,2018北京国际葡萄酒烈酒展览会,39.94700886,116.4703069,北京全国农业展览馆,2018/5/10,2018/5/12
医疗保健,上海市,2018上海养生品牌博览会,31.21315614,121.5727953,上海新国际博览中心,2018/6/27,2018/6/29
农林牧渔,长沙市,2018中部湖南品牌渔具暨户外装备展览会,28.21018409,112.9961787,湖南省展览馆,2018/5/11,2018/5/13
食品饮料,济南市,2018第十七届山东茶文化博览交易会,36.64102085,117.0306755,济南舜耕国际会展中心,2018/5/11,2018/5/14
农林牧渔,上海市,2018上海全国优质农产品博览会,31.1737722,121.4346345,上海光大会展中心,2018/5/11,2018/5/13
医疗保健,上海市,2018第八届中国上海国际医疗旅游展览会,31.23088936,121.4593154,上海展览中心,2018/5/11,2018/5/13
医疗保健,合肥市,2018国际养生大会暨第四届安徽国际养生养老产业博览会,31.78596041,117.2296822,安徽国际会展中心,2018/5/11,2018/5/13
机械工业,宁波市,2018第十一届中国宁海国际机床与模具技术展览会,29.32677718,121.4416914,宁海国际会展中心,2018/5/11,2018/5/13
广告媒体,临沂市,2018第十一届中国临沂广告耗材设备及LED春季博览会,35.02493094,118.4178788,临沂国际会展中心,2018/5/12,2018/5/14
食品饮料,厦门市,第九届中国厦门国际茶业博览会春季,24.47350542,118.1890096,厦门国际会展中心,2018/5/10,2018/5/14
建材五金,呼和浩特市,2018第六届内蒙古国际建筑节能建材及室内装饰材料博览会,40.83103448,111.754918,内蒙古国际会展中心,2018/5/12,2018/5/14
仪器仪表,上海市,2018上海国际材料分析测试仪器与实验室设备展览会,31.19545539,121.3087136,国家会展中心上海,2018/5/14,2018/5/16
食品饮料,上海市,2018中国上海国际茶业博览会,31.18839541,121.4965025,上海世博展览馆,2018/5/10,2018/5/13
食品饮料,武汉市,2018中国武汉春季茶业博览交易会暨紫砂陶瓷茶具工艺品展,30.58559884,114.2802309,武汉国际会展中心,2018/5/12,2018/5/15
机械工业,上海市,2018上海国际超导薄膜及超导电子器件展览会,31.19545539,121.3087136,国家会展中心上海,2018/5/14,2018/5/16
机械工业,长沙市,2018中国中部长沙国际装备制造业博览会,28.1826853,112.988523,长沙国际会展中心新馆,2018/5/11,2018/5/13
房产家居,北京市,第二届北京国际家居展暨中国生活节,40.07713983,116.5552437,中国国际展览中心新馆,2018/6/14,2018/6/17
安全防护,太原市,2018第五届中国太原社会公共安全产品暨警用装备消防科技博览会,37.8227246,112.5414777,中国太原煤炭交易中心,2018/6/14,2018/6/16
食品饮料,广州市,2018世界食品广州展,23.10162394,113.37415,广州保利世贸展览馆,2018/6/15,2018/6/17
文化教育,郑州市,2018中原国际佛教文化暨佛事用品博览会,34.77795862,113.7372866,郑州国际会展中心,2018/6/14,2018/6/17
孕婴童,北京市,2018第20届北京国际玩具及幼教用品展览会,39.96787965,116.4497403,中国国际展览中心,2018/5/12,2018/5/14
食品饮料,广州市,2018中国广州国际食品食材展览会,23.10162394,113.37415,广州保利世贸展览馆,2018/6/15,2018/6/17
奢侈品,郑州市,2018第十一届郑州国际珠宝玉文化博览会,34.77795862,113.7372866,郑州国际会展中心,2018/6/14,2018/6/17
食品饮料,上海市,2018中国国际烘焙展览会,31.19545539,121.3087136,国家会展中心上海,2018/5/14,2018/5/16
孕婴童,郑州市,2018第十四届中国郑州国际幼儿教育春夏博览会,34.75380409,113.712761,河南郑州中原国际博览中心,2018/6/15,2018/6/17
食品饮料,上海市,2018亚洲健康天然原料中国展,31.21315614,121.5727953,上海新国际博览中心,2018/6/20,2018/6/22
贸易进出口,上海市,2018第十八届世界制药原料中国展,31.21315614,121.5727953,上海新国际博览中心,2018/6/20,2018/6/22
建材五金,临沂市,2018中国临沂门博会暨移门系统门窗展,35.02493094,118.4178788,临沂国际会展中心,2018/6/18,2018/6/20
创业加盟,深圳市,2018第十届中国深圳国际品牌特许加盟展,22.53638395,114.066518,深圳会展中心,2018/6/15,2018/6/17
美容美发,南京市,2018第二十七届南京国际美容美发化妆品博览会,32.08221873,118.8132783,南京国际展览中心,2018/6/20,2018/6/22
酒店用品,北京市,2018北京国际酒店用品博览会,39.96787965,116.4497403,中国国际展览中心,2018/6/21,2018/6/23
信息通信,北京市,2018第七届中国国防信息化装备与技术展览会,39.96787965,116.4497403,中国国际展览中心,2018/6/21,2018/6/23
消费电子,深圳市,第十一届国际触控显示暨应用深圳展览会,22.53638395,114.066518,深圳会展中心,2018/6/21,2018/6/23
婚庆婚博,上海市,2018夏季中国婚博会,31.18839541,121.4965025,上海世博展览馆,2018/6/16,2018/6/17
机械工业,上海市,2018第九届上海紧固件专业展,31.19545539,121.3087136,国家会展中心上海,2018/6/20,2018/6/22
医疗保健,上海市,2018第九届中国国际健康产展览会,31.21315614,121.5727953,上海新国际博览中心,2018/6/20,2018/6/22
房产家居,大连市,2018第二十三届中国国际家具大连展览会,38.8911472,121.5983697,大连世界博览广场,2018/6/21,2018/6/24
食品饮料,成都市,2018中国成都烘焙展览会,30.56346114,104.0817295,成都世纪城新国际会展中心,2018/6/21,2018/6/23
皮革鞋业,上海市,2018第十五届上海国际箱包皮具手袋展览会,31.1737722,121.4346345,上海光大会展中心,2018/6/21,2018/6/23
奢侈品,深圳市,2018第二十九届中国深圳国际钟表展览会,22.53638395,114.066518,深圳会展中心,2018/6/21,2018/6/24
皮革鞋业,上海市,2018第十五届上海国际鞋类博览会,31.1737722,121.4346345,上海光大会展中心,2018/6/21,2018/6/23
文化艺术,广州市,2018广州艺术交易博览会,23.14996589,113.2634958,中国进出口商品交易会展馆琶洲馆,2018/6/22,2018/6/25
礼品玩具,成都市,2018第十届中国成都礼品及家居用品展览会,30.56346114,104.0817295,成都世纪城新国际会展中心,2018/6/21,2018/6/23
办公用品,上海市,第112届中国文化用品商品交易会,31.21315614,121.5727953,上海新国际博览中心,2018/6/27,2018/6/29
环保水处理,北京市,2018北京国际空气净化新风系统及净水设备展览会,39.96787965,116.4497403,中国国际展览中心,2018/6/21,2018/6/23
医疗保健,上海市,2018上海国际口腔清洁护理用品展览会,31.1737722,121.4346345,上海光大会展中心,2018/6/27,2018/6/29
机械工业,上海市,2018上海国际服务机器人技术及应用展览会,31.21315614,121.5727953,上海新国际博览中心,2018/6/27,2018/6/29
暖通制冷,成都市,2018中国成都供热通风空调及舒适家居系统展,30.56346114,104.0817295,成都世纪城新国际会展中心,2018/6/13,2018/6/15
消费电子,上海市,2018上海国际全触与显示展,31.21315614,121.5727953,上海新国际博览中心,2018/6/27,2018/6/29
建材五金,大连市,第二十三届中国国际建筑装饰材料展览会,38.8911472,121.5983697,大连世界博览广场,2018/6/21,2018/6/24
机械工业,广州市,2018第八届中国广州国际粮油机械及包装设备展览会,23.14996589,113.2634958,中国进出口商品交易会展馆琶洲馆,2018/6/28,2018/6/30
医疗保健,广州市,IHE2018第27届广州国际大健康产业博览会,23.14996589,113.2634958,中国进出口商品交易会展馆琶洲馆,2018/6/28,2018/6/30
化工橡塑,上海市,2018第十九届中国上海国际胶粘带保护膜及光学膜展览会,31.21315614,121.5727953,上海新国际博览中心,2018/6/27,2018/6/29
纺织纺机,青岛市,2018年第十届青岛国际纺织印花工业展览会,36.43093516,120.7191839,青岛国际博览中心,2018/6/28,2018/6/30
食品饮料,成都市,2018第九届中国奶业大会暨2018中国奶业展览会,30.56346114,104.0817295,成都世纪城新国际会展中心,2018/6/28,2018/6/30
食品饮料,广州市,2018第七届中国广州国际高端饮用水产业博览会,23.14996589,113.2634958,中国进出口商品交易会展馆琶洲馆,2018/6/28,2018/6/30
体育休闲,南京市,2018亚洲户外用品展览会,32.00017759,118.7241743,南京国际博览中心,2018/6/28,2018/7/1
医疗保健,哈尔滨市,2018哈尔滨第二十一届中外医疗器械展览会,45.76188107,126.7019144,哈尔滨国际会展中心,2018/6/28,2018/6/30
食品饮料,广州市,2018第十二届中国广州国际食用油及橄榄油产业展览会,23.14996589,113.2634958,中国进出口商品交易会展馆琶洲馆,2018/6/28,2018/6/30
创业加盟,北京市,2018第四届北京微商博览会,40.00504938,116.3965327,北京国家会议中心,2018/6/28,2018/6/30
安全防护,广州市,2018第八届中国广州国际消防安全与应急装备展览会,23.10162394,113.37415,广州保利世贸展览馆,2018/6/28,2018/6/30
食品饮料,烟台市,2018第十三届东亚国际食品交易博览会,37.46815414,121.477111,烟台国际博览中心,2018/6/29,2018/7/2
食品饮料,广州市,2018年第18届中国广州国际食品展暨进口食品展览会,23.14996589,113.2634958,中国进出口商品交易会展馆琶洲馆,2018/6/28,2018/6/30
食品饮料,深圳市,第十六届中国深圳国际茶产业博览会暨紫砂陶瓷红木茶具用品展,22.53638395,114.066518,深圳会展中心,2018/6/28,2018/7/1
消费电子,北京市,第十七届中国国际电子信息产业博览会,39.78725915,116.5326758,北京亦创国际会展中心,2018/6/28,2018/6/30
文化艺术,北京市,2018中国艺术教育博览会暨改革开放四十周年艺术教育成果展,39.96787965,116.4497403,中国国际展览中心,2018/6/30,2018/7/2
美容美发,长沙市,2018中国长沙国际美容美发化妆品产业博览会春季,28.24062286,113.0559345,湖南国际会展中心,2018/6/28,2018/6/30
体育休闲,成都市,2018中国成都景点乐园及游乐设施博览会,30.56346114,104.0817295,成都世纪城新国际会展中心,2018/6/29,2018/7/1
安全防护,北京市,2018第四届中国军民融合技术装备博览会,40.00504938,116.3965327,北京国家会议中心,2018/7/2,2018/7/4
汽摩配件,上海市,2018上海国际汽车制造技术与装备及材料展览会,31.21315614,121.5727953,上海新国际博览中心,2018/7/4,2018/7/7
食品饮料,太原市,2018第5届中国太原国际茶产业博览会暨紫砂陶瓷茶具用品展,37.8227246,112.5414777,中国太原煤炭交易中心,2018/7/27,2018/7/30
消费电子,北京市,2018北京国际自动售货机自助售货系统与设施展览会,39.96787965,116.4497403,中国国际展览中心,2018/7/5,2018/7/7
机械工业,上海市,2018中国国际机器人展览会,31.19545539,121.3087136,国家会展中心上海,2018/7/4,2018/7/7
食品饮料,广州市,第27届中国广州国际食品加工包装机械及配套设备展览会,23.14996589,113.2634958,中国进出口商品交易会展馆琶洲馆,2018/6/28,2018/6/30
食品饮料,青岛市,2018中国青岛国际食品博览会,36.11040075,120.4806224,青岛国际会展中心,2018/7/27,2018/7/29
皮革鞋业,青岛市,2018第二十届中国青岛国际皮革鞋机鞋材展览会,36.43093516,120.7191839,青岛国际博览中心,2018/6/28,2018/6/30
奢侈品,北京市,2018第七届北京国际顶级生活品牌奢侈品博览会,39.96787965,116.4497403,中国国际展览中心,2018/7/27,2018/7/29
农林牧渔,合肥市,2018中国国际现代渔业暨渔业科技博览会,31.75753327,117.304893,滨湖国际会展中心,2018/6/22,2018/6/24
食品饮料,青岛市,2018第十五届中国国际食品加工与包装设备青岛展览会,36.11040075,120.4806224,青岛国际会展中心,2018/8/2,2018/8/5
建材五金,青岛市,2018中国青岛国际建筑装饰博览会,36.11040075,120.4806224,青岛国际会展中心,2018/8/2,2018/8/4
信息通信,深圳市,2018第十届中国深圳国际物联网博览会,22.53638395,114.066518,深圳会展中心,2018/7/31,2018/8/2
食品饮料,南京市,2018中国江苏国际糖酒食品交易会,32.08221873,118.8132783,南京国际展览中心,2018/8/3,2018/8/5
建材五金,佛山市,2018中国广东石材及设备展览会,23.11889678,113.2628807,广东潭州国际会展中心,2018/8/6,2018/8/8
机械工业,青岛市,2018第21届青岛国际机床展览会,36.43093516,120.7191839,青岛国际博览中心,2018/8/2,2018/8/6
化工橡塑,青岛市,2018第二十届青岛中国塑胶产业博览会,36.11040075,120.4806224,青岛国际会展中心,2018/8/2,2018/8/4
建材五金,上海市,2018中国国际门窗幕墙博览会,31.21315614,121.5727953,上海新国际博览中心,2018/8/10,2018/8/12
机械工业,上海市,2018上海国际工业装配与传输技术展览会,31.21315614,121.5727953,上海新国际博览中心,2018/7/4,2018/7/7
纺织纺机,泉州市,2018福建晋江国际印花工业技术展览会,24.78566698,118.5737588,晋江SM国际展览中心,2018/8/8,2018/8/10
广告媒体,成都市,2018第二十二届四川广告设备器材暨LED展,30.56346114,104.0817295,成都世纪城新国际会展中心,2018/8/10,2018/8/12
安全防护,太原市,第十届中国山西国际智慧城市暨社会公共安全产品展览会,37.82070986,112.5397874,山西国际展览中心,2018/8/14,2018/8/16
房产家居,上海市,2018上海国际生活用品家居装饰品美容美发健康展览会,31.20722582,121.4064088,上海世贸商城,2018/8/1,2018/8/3
农林牧渔,乌鲁木齐市,2018第18届中国新疆国际农业博览会,43.88420073,87.62754646,新疆国际会展中心,2018/8/8,2018/8/10
食品饮料,上海市,2018第二十届国际高端健康食用油及橄榄油上海博览会,31.21315614,121.5727953,上海新国际博览中心,2018/8/15,2018/8/17
汽摩配件,上海市,2018中国国际汽车轻量化技术成果展览会,31.28466588,121.1749216,上海汽车会展中心,2018/8/15,2018/8/17
机械工业,青岛市,2018第二十届中国国际工业自动化技术及装备展览会,36.43093516,120.7191839,青岛国际博览中心,2018/8/2,2018/8/6
酒店用品,成都市,2018成都国际酒店用品及餐饮博览会,30.56346114,104.0817295,成都世纪城新国际会展中心,2018/8/10,2018/8/12
环保水处理,广州市,2018中国广州国际洁净技术与设备展览会,23.14996589,113.2634958,中国进出口商品交易会展馆琶洲馆,2018/8/16,2018/8/18
医疗保健,上海市,2018中国国际健康产业博览会,31.21315614,121.5727953,上海新国际博览中心,2018/8/15,2018/8/17
汽摩配件,上海市,2018中国上海国际汽车内饰与外饰展览会,31.28466588,121.1749216,上海汽车会展中心,2018/8/15,2018/8/17
食品饮料,上海市,2018亚洲上海国际食品饮料展览会暨进口食品博览会,31.21315614,121.5727953,上海新国际博览中心,2018/8/15,2018/8/17
环保水处理,上海市,2018第8届上海建筑给排水海绵城市及综合管廊建设展览会,31.21315614,121.5727953,上海新国际博览中心,2018/7/18,2018/7/20
建材五金,上海市,第十届上海国际木制环保建筑博览会,31.21315614,121.5727953,上海新国际博览中心,2018/7/18,2018/7/20
建材五金,上海市,2018第20届上海国际别墅配套设施博览会,31.21315614,121.5727953,上海新国际博览中心,2018/7/18,2018/7/20
建材五金,上海市,第29届绿色建筑建材博览会,31.21315614,121.5727953,上海新国际博览中心,2018/7/18,2018/7/20
创业加盟,上海市,2018中国无人店大会暨上海国际无人值守零售展览会,31.21315614,121.5727953,上海新国际博览中心,2018/8/15,2018/8/17
钢铁冶金,上海市,第十三届中国国际压铸会议暨展览会,31.21315614,121.5727953,上海新国际博览中心,2018/7/18,2018/7/20
纸业制品,郑州市,2018中国郑州生活用纸产品技术展览会,34.77795862,113.7372866,郑州国际会展中心,2018/8/11,2018/8/13
交通工具,大连市,2018大连国际汽车展览会,38.8911472,121.5983697,大连世界博览广场,2018/8/15,2018/8/19
房产家居,上海市,2018中国上海智能家居展览会,31.21315614,121.5727953,上海新国际博览中心,2018/7/18,2018/7/20
纺织纺机,上海市,2018上海国际数码印花工业应用展,31.21315614,121.5727953,上海新国际博览中心,2018/7/18,2018/7/20
建材五金,上海市,2018国际绿色建筑建材上海博览会,31.21315614,121.5727953,上海新国际博览中心,2018/7/18,2018/7/20
电子电力,北京市,2018中国北京国际连接器线缆及线束加工设备展览会,39.96787965,116.4497403,中国国际展览中心,2018/7/19,2018/7/21
汽摩配件,上海市,2018上海国际节能与新能源汽车产业博览会,31.21315614,121.5727953,上海新国际博览中心,2018/7/18,2018/7/20
安全防护,广州市,2018第四届广东军民融合技术系列展,23.1036931,113.3668379,南丰国际会展中心,2018/7/20,2018/7/21
贸易进出口,广州市,2018中国广州国际跨境电商展暨跨境商品博览,23.10162394,113.37415,广州保利世贸展览馆,2018/7/21,2018/7/23
食品饮料,哈尔滨市,2018中国东北国际酒业博览会,45.76188107,126.7019144,哈尔滨国际会展中心,2018/7/20,2018/7/22
文化教育,上海市,2018上海国际智慧教育装备展览会,31.24916171,121.4878995,上海跨国国际博览中心,2018/7/22,2018/7/24
奢侈品,北京市,2018北京夏季珠宝展,39.96787965,116.4497403,中国国际展览中心,2018/7/19,2018/7/23
机械工业,乌鲁木齐市,2018第八届新疆国际工程机械建筑机械及专用车辆博览会,43.88420073,87.62754646,新疆国际会展中心,2018/7/18,2018/7/20
医疗保健,青岛市,2018第二十届中国青岛国际医疗器械暨医院采购大会,36.11040075,120.4806224,青岛国际会展中心,2018/7/5,2018/7/7
汽摩配件,北京市,2018北京国际汽车制造暨工业装配博览会,39.96787965,116.4497403,中国国际展览中心,2018/7/19,2018/7/21
体育休闲,上海市,2018亚洲夏季运动用品与时尚展,31.21315614,121.5727953,上海新国际博览中心,2018/7/5,2018/7/7
房产家居,北京市,2018北京国际物业管理产业博览会,39.96787965,116.4497403,中国国际展览中心,2018/7/5,2018/7/7
机械工业,西安市,2018第十三届西部锅炉供热通风空调及制冷设备展览会,34.20211625,108.957183,西安曲江国际会展中心,2018/8/10,2018/8/12
食品饮料,南昌市,2018中部江西糖酒食品招商会,28.61053094,115.8017864,南昌绿地国际博览中心,2018/7/5,2018/7/7
孕婴童,上海市,第18届CBME孕婴童展童装展,31.19545539,121.3087136,国家会展中心上海,2018/7/25,2018/7/27
贸易进出口,长沙市,2018中国长沙国际日用百货展览会,28.1826853,112.988523,长沙国际会展中心,2018/7/5,2018/7/7
医疗保健,青岛市,2018中国青岛国际养老产业与养老服务博览会,36.11040075,120.4806224,青岛国际会展中心,2018/7/5,2018/7/7
信息通信,厦门市,2018中国厦门国际物联网博览会,24.47350542,118.1890096,厦门国际会展中心,2018/7/6,2018/7/8
安全防护,成都市,2018中国国际救援及应急装备产业博览会,30.56346114,104.0817295,成都世纪城新国际会展中心,2018/7/6,2018/7/8
美容美发,北京市,2018北京国际美博会,40.00504938,116.3965327,北京国家会议中心,2018/7/23,2018/7/25
食品饮料,青岛市,2018年中国青岛国际健康食品产业博览会,36.11040075,120.4806224,青岛国际会展中心,2018/7/5,2018/7/7
消费电子,北京市,2018北京国际消费电子博览会,40.00504938,116.3965327,北京国家会议中心,2018/7/7,2018/7/9
交通工具,北京市,2018北京国际自行车暨零部件展览会,40.00504938,116.3965327,北京国家会议中心,2018/7/7,2018/7/9
房产家居,广州市,2018广州遮阳及门窗展览会,23.10633391,113.3784028,广州国际采购中心,2018/7/8,2018/7/10
信息通信,北京市,2018北京国际大数据产业大会,40.00504938,116.3965327,北京国家会议中心,2018/7/7,2018/7/9
食品饮料,郑州市,2018中国郑州国际餐饮火锅食材博览会,34.77795862,113.7372866,郑州国际会展中心,2018/7/7,2018/7/9
创业加盟,上海市,2018全球授权展,31.19545539,121.3087136,国家会展中心上海,2018/7/25,2018/7/27
文化教育,兰州市,2018中国西部兰州国际教育装备及智慧教育展览会,36.06422553,103.8233054,兰州国际会展中心,2018/7/26,2018/7/28
房产家居,广州市,2018中国集成定制家居广州展览会,23.1036931,113.3668379,南丰国际会展中心,2018/7/8,2018/7/10
印刷包装,上海市,第二十四届上海国际加工包装展览会,31.21315614,121.5727953,上海新国际博览中心,2018/7/11,2018/7/13
奢侈品,青岛市,2018第二届中国青岛国际矿物玉石博览会,36.1052149,120.3844282,青岛华秀国际会展中心,2018/7/27,2018/7/30
医疗保健,上海市,2018第二十二届中国上海国际医疗器械展览会,31.18839541,121.4965025,上海世博展览馆,2018/7/11,2018/7/13
电子电力,深圳市,2018中国深圳国际电子装备产业博览会,22.53638395,114.066518,深圳会展中心,2018/7/26,2018/7/28
建材五金,广州市,2018第二十届中国广州国际建筑装饰博览会,23.14996589,113.2634958,中国进出口商品交易会展馆琶洲馆,2018/7/8,2018/7/11
汽摩配件,广州市,中国广州国际新能源节能及智能汽车展览会,23.10162394,113.37415,广州保利世贸展览馆,2018/7/27,2018/7/29
农林牧渔,南京市,2018江苏植保信息交流暨农药械交易会,32.08221873,118.8132783,南京国际展览中心,2018/7/27,2018/7/28
贸易进出口,深圳市,2018宝安产业发展博览会,22.53638395,114.066518,深圳会展中心,2018/7/27,2018/7/29
动漫游戏,武汉市,2018武汉国际电玩及游乐游艺设备展,30.51332017,114.2481555,武汉国际博览中心,2018/7/6,2018/7/8
美容美发,北京市,2018北京国际健康美容美发化妆品展览会,39.96787965,116.4497403,中国国际展览中心,2018/7/11,2018/7/13
房产家居,上海市,上海国际尚品家居及室内装饰展览会,31.21315614,121.5727953,上海新国际博览中心,2018/7/26,2018/7/28
食品饮料,上海市,2018第二十届亚洲食品配料中国展,31.21315614,121.5727953,上海新国际博览中心,2018/7/11,2018/7/13
食品饮料,上海市,2018上海国际淀粉及淀粉衍生物展览会,31.21315614,121.5727953,上海新国际博览中心,2018/7/11,2018/7/13
孕婴童,沈阳市,2018中国沈阳国际幼教用品及幼儿教育展览会,41.66836964,123.3796191,沈阳国际展览中心,2018/7/13,2018/7/15
交通工具,北京市,2018第十四届北京国际节能与新能源汽车及充电桩展览会,39.96787965,116.4497403,中国国际展览中心,2018/7/13,2018/7/15
电子电力,成都市,2018年中国成都电子展,30.56346114,104.0817295,成都世纪城新国际会展中心,2018/7/12,2018/7/14
贸易进出口,上海市,第112届中国日用百货商品交易会暨中国现代家庭用品博览会,31.21315614,121.5727953,上海新国际博览中心,2018/7/26,2018/7/28
创业加盟,北京市,2018第九届北京海外置业及投资移民展览会,39.96787965,116.4497403,中国国际展览中心,2018/7/27,2018/7/29
机械工业,宁波市,2018中国国际机床展览会暨第十四届模具之都博览会,29.88525897,121.579006,宁波国际展览中心,2018/5/17,2018/5/20
食品饮料,青岛市,2018第十二届中国青岛国际茶文化博览会暨紫砂艺术展,36.11040075,120.4806224,青岛国际会展中心,2018/7/13,2018/7/16
农林牧渔,贵阳市,2018中国国际贵阳生态高效畜牧业交易会,26.64786379,106.6525086,贵阳国际会议展览中心,2018/7/12,2018/7/14
医疗保健,上海市,第十五届中国国际成人保健及生殖健康展览会,31.18839541,121.4965025,上海世博展览馆,2018/5/17,2018/5/20
建材五金,沈阳市,2018第七届中国沈阳国际现代建筑产业博览会,41.66836964,123.3796191,沈阳国际展览中心,2018/5/17,2018/5/19
光电技术,深圳市,第十二届亚洲深圳国际激光应用技术论坛,22.53638395,114.066518,深圳会展中心,2018/5/17,2018/5/19
建材五金,青岛市,第十二届中国青岛国际石材工业及机械设备展览会,36.43093516,120.7191839,青岛国际博览中心,2018/7/16,2018/7/19
孕婴童,成都市,2018成都儿童成长产业博览会,30.56346114,104.0817295,成都世纪城新国际会展中心,2018/5/18,2018/5/20
机械工业,上海市,2018年中国国际铝工业展览会,31.21315614,121.5727953,上海新国际博览中心,2018/7/11,2018/7/13
电子电力,深圳市,2018第十六届深圳国际小电机及电机工业磁性材料展览会,22.53638395,114.066518,深圳会展中心,2018/5/17,2018/5/19
广告媒体,南京市,2018中国南京首届标识产业博览会暨中国城市品牌与环境标识设计峰会,32.00017759,118.7241743,南京国际博览中心,2018/5/18,2018/5/20
农林牧渔,重庆市,第十六届2018中国畜牧业展览会,29.72482313,106.548697,重庆国际博览中心,2018/5/18,2018/5/20
消费电子,武汉市,2018第四届中国武汉国际电子商务暨互联网产业博览会,30.58559884,114.2802309,武汉国际会展中心,2018/5/18,2018/5/20
食品饮料,烟台市,2018中国烟台第十届春季茶博会,37.46815414,121.477111,烟台国际博览中心,2018/5/18,2018/5/21
孕婴童,郑州市,2018中国郑州第十届孕婴童产品博览会,34.77795862,113.7372866,郑州国际会展中心,2018/5/18,2018/5/20
食品饮料,广州市,2018第二十届广州国际名酒展览会,23.14996589,113.2634958,中国进出口商品交易会展馆琶洲馆,2018/5/18,2018/5/20
暖通制冷,临沂市,2018中国临沂国际制冷空调及通风设备展览会,35.02493094,118.4178788,临沂国际会展中心,2018/5/18,2018/5/20
房产家居,上海市,2018上海国际古典家具展览会,31.23088936,121.4593154,上海展览中心,2018/5/18,2018/5/21
广告媒体,南京市,2018南京广告技术设备展览会,32.00017759,118.7241743,南京国际博览中心,2018/5/18,2018/5/20
医疗保健,武汉市,2018第十九届全国医院建设大会暨中国国际医院建设装备及管理展览会,30.51332017,114.2481555,武汉国际博览中心,2018/5/18,2018/5/21
食品饮料,重庆市,2018中国北京食品追溯技术全产业链高峰论坛暨展览会,29.72482313,106.548697,重庆国际博览中心,2018/5/18,2018/5/20
机械工业,常州市,2018第六届中国常州国际工业装备博览会,31.73993595,119.8621546,常州西太湖国际博览中心,2018/5/18,2018/5/20
酒店用品,西安市,第十九届西安国际酒店设备及用品展览会,34.20211625,108.957183,西安曲江国际会展中心,2018/5/18,2018/5/20
医疗保健,福州市,2018海峡两岸经贸交易会,26.03315979,119.3712392,福州海峡国际会展中心,2018/5/18,2018/5/22
纺织纺机,广州市,2018第十三届广州国际纺织品印花工业技术展览会,23.10162394,113.37415,广州保利世贸展览馆,2018/5/20,2018/5/22
医疗保健,长沙市,2018湖南口腔医学大会暨口腔医疗设备与器材展览会,28.21018409,112.9961787,湖南省展览馆,2018/5/18,2018/5/20
创业加盟,长春市,2018中国长春第十届连锁加盟创业项目展览会,43.84271979,125.4022987,长春国际会展中心,2018/5/19,2018/5/21
农林牧渔,郑州市,2018年第五届郑州消费品博览会暨第十八届渔具及垂钓装备展销会,34.77795862,113.7372866,郑州国际会展中心,2018/5/18,2018/5/20
食品饮料,北京市,2018中国餐饮采购展览会,40.00504938,116.3965327,北京国家会议中心,2018/5/21,2018/5/23
办公用品,广州市,2018广东现代办公行业年会暨大办公博览会,23.10633391,113.3784028,广州国际采购中心展览馆,2018/5/19,2018/5/21
食品饮料,济南市,2018中国山东国际酒店餐饮业博览会暨2018齐鲁火锅节,36.69231833,117.1302235,济南国际会展中心,2018/5/20,2018/5/22
光电技术,北京市,第十届中国北京国际光电展览会,39.78725915,116.5326758,北京亦创国际会展中心,2018/5/22,2018/5/24
运输物流,广州市,2018第五届广州国际无人机及航模展览会,23.10162394,113.37415,广州保利世贸展览馆,2018/5/20,2018/5/22
暖通制冷,北京市,2018第十八届中国北京国际供热通风空调卫浴及舒适家居系统展览会,40.07713983,116.5552437,中国国际展览中心新馆,2018/5/22,2018/5/24
创业加盟,杭州市,2018杭州创业项目投资暨特许连锁加盟展览会,30.29691068,120.1823172,杭州和平国际会展中心,2018/5/18,2017/5/20
广告媒体,广州市,2018广州国际广播影视设备及新媒体技术展览会,23.10162394,113.37415,广州保利世贸展览馆,2018/5/20,2018/5/22
创业加盟,广州市,2018中国特许加盟展,23.10327024,113.3691799,广州琶洲国际会展中心,2018/5/23,2018/5/25
运输物流,广州市,2018第9届广州国际物流装备与技术展览会,23.14996589,113.2634958,中国进出口商品交易会展馆琶洲馆,2018/5/23,2018/5/25
食品饮料,广州市,2018中国广州酒店餐饮业供应商博览会暨餐饮食材水产冻品肉类食品展览会,23.14996589,113.2634958,中国进出口商品交易会展馆琶洲馆,2018/5/23,2018/5/25
安全防护,西安市,2018中国西安国际社会公共安全产品智慧城市暨警察反恐技术装备博览会,34.20211625,108.957183,西安曲江国际会展中心,2018/5/23,2018/5/25
食品饮料,济南市,2018第十二届全国食品博览会暨糖酒商品交易会,36.69231833,117.1302235,济南国际会展中心,2018/5/20,2018/5/22
消费电子,广州市,2018中国国际商业信息化博览会暨中国国际pos机及相关设备展览会,23.14996589,113.2634958,中国进出口商品交易会展馆琶洲馆,2018/5/23,2018/5/25
食品饮料,广州市,第二十二届中国烘焙展览会,23.14996589,113.2634958,中国进出口商品交易会展馆琶洲馆,2018/5/23,2018/5/25
食品饮料,上海市,2018中国国际有机食品博览会,31.18839541,121.4965025,上海世博展览馆,2018/5/24,2018/5/26
食品饮料,郑州市,2018中国郑州国际餐饮食材博览会,34.77795862,113.7372866,郑州国际会展中心,2018/5/22,2018/5/24
旅游行业,上海市,2018上海世界旅游博览会,31.23088936,121.4593154,上海展览中心,2018/5/24,2018/5/27
安全防护,上海市,2018第十八届上海社会公共安全产品国际博览会,31.18839541,121.4965025,上海世博展览馆,2018/5/23,2018/5/25
交通工具,南宁市,2018第十二届广西,22.81439522,108.3857217,广西南宁国际会展中心,2018/5/24,2018/5/26
音响乐器,北京市,第二十七届中国国际专业音响灯光乐器及技术展览会乐器展,39.96787965,116.4497403,中国国际展览中心,2018/5/24,2018/5/27
食品饮料,成都市,2018中国成都火锅食材用品展暨2018中国火锅冒菜连锁加盟展览会,37.55033947,104.1141293,中国西部国际博览城,2018/5/24,2018/5/26
机械工业,合肥市,中国中部合肥国际装备制造业博览会,31.76140865,117.3035499,合肥滨湖国际会展中心,2018/5/24,2018/5/26
美容美发,上海市,2018上海国际美容美发化妆用品进出口博览会,31.19545539,121.3087136,国家会展中心上海,2018/5/19,2018/5/21
酒店用品,郑州市,2018第十七届中国郑州国际酒店用品博览会,34.77795862,113.7372866,郑州国际会展中心,2018/5/22,2018/5/24
运输物流,郑州市,2018中国郑州国际物流展览会,34.77795862,113.7372866,郑州国际会展中心,2018/6/1,2018/6/3
食品饮料,北京市,第九届中国北京国际葡萄酒博览会,40.00504938,116.3965327,北京国家会议中心,2018/5/22,2018/5/24
电子电力,深圳市,第十三届中国国际电池技术交流会展览会,22.53638395,114.066518,深圳会展中心,2018/5/24,2018/5/26
机械工业,大连市,2018大连国际工业博览会,38.89317283,121.5956277,大连星海会展中心,2018/5/24,2018/5/26
房产家居,上海市,第23届中国国际厨房卫浴设施展览会,31.21315614,121.5727953,上海新国际博览中心,2018/6/5,2018/6/8
机械工业,上海市,2018中国国际模具技术和设备展览会,31.19545539,121.3087136,国家会展中心上海,2018/6/5,2018/6/9
建材五金,嘉兴市,2018中国嘉兴集成吊顶产业博览会暨集成家居博览会,30.74462161,120.7620122,浙江嘉兴国际会展中心,2018/6/6,2018/6/8
机械工业,合肥市,2018第18届安徽国际机床及工模具展,31.76140865,117.3035499,合肥滨湖国际会展中心,2018/5/24,2018/5/26
运输物流,北京市,第四届中国北京国际散装物料输送装卸技术装备展览会,40.07713983,116.5552437,中国国际展览中心新馆,2018/6/6,2018/6/8
美容美发,厦门市,2018福建厦门海峡两岸美容美发美体化妆用品展览会,24.47350542,118.1890096,厦门国际会展中心,2018/6/2,2018/6/4
钢铁冶金,广州市,2018年广州国际金属暨冶金工业展览会,23.14996589,113.2634958,中国进出口商品交易会展馆琶洲馆,2018/6/6,2018/6/8
房产家居,成都市,2018第十九届成都国际家具展览会,30.56346114,104.0817295,成都世纪城新国际会展中心,2018/6/6,2018/6/9
汽摩配件,上海市,2018中国上海国际汽车电子展览会,31.19545539,121.3087136,国家会展中心上海,2018/6/2,2018/6/4
建材五金,北京市,第五届中国北京国际建筑节能暨绿色建筑技术与装备博览会,39.94625561,116.350719,北京展览馆,2018/6/7,2018/6/9
能源矿产,北京市,2018中国北京国际矿业展览会,40.07713983,116.5552437,中国国际展览中心新馆,2018/6/6,2018/6/8
房产家居,成都市,第十九届成都国际家具生产设备定制五金原辅材料展览会,30.6976925,104.0559904,西部国际会议展览中心,2018/6/6,2018/6/9
机械工业,广州市,2018第十九届广州国际弹簧工业展,23.14996589,113.2634958,中国进出口商品交易会展馆琶洲馆,2018/6/6,2018/6/8
体育休闲,北京市,2018第十二届中国北京国际户外用品及装备展览会,39.96787965,116.4497403,中国国际展览中心,2018/6/7,2018/6/9
安全防护,北京市,2018中国国际防汛抗旱信息化技术及应急抢险装备展览会,39.78725915,116.5326758,北京亦创国际会展中心,2018/6/7,2018/6/9
安全防护,北京市,2018北京国际防灾减灾应急产业博览会,39.78725915,116.5326758,北京亦创国际会展中心,2018/6/7,2018/6/9
奢侈品,西宁,首届西宁国际珠宝玉文化,36.58100533,101.8405381,青海国际展览中心,2018/6/3,2018/6/6
环保水处理,北京市,第十六届中国国际环保展览会,39.96787965,116.4497403,中国国际展览中心,2018/6/7,2018/6/9
运输物流,北京市,2018中国北京国际无人机系统产业博览会,39.78725915,116.5326758,北京亦创国际会展中心,2018/6/7,2018/6/9
礼品玩具,济南市,2018中国山东国际宠物水族用品展览会暨第五届北方国际宠物水族用品博览会,36.69231833,117.1302235,济南国际会展中心,2018/6/8,2018/6/10
礼品玩具,上海市,2018第十六届上海国际礼品赠品及家居用品博览会,31.1737722,121.4346345,上海光大会展中心,2018/6/7,2018/6/9
旅游行业,北京市,2018北京第十四届国际主题公园儿童乐园及游乐场所展览会,39.96787965,116.4497403,中国国际展览中心,2018/6/7,2018/6/9
孕婴童,广州市,2018年第九届华南国际幼教产业博览会暨2018中国学前教育国际论坛,23.10162394,113.37415,广州保利世贸展览馆,2018/6/9,2018/6/11
食品饮料,徐州市,2018第六届中国东部徐州国际糖酒食品交易会,34.2274255,117.2383136,徐州国际会展中心,2018/6/8,2018/6/10
食品饮料,唐山市,2018中国唐山国际茶业博览会暨紫砂精品展,39.6763114,118.1862618,唐山国际会展中心,2018/6/8,2018/6/11
化工橡塑,临沂市,2018第三届中国临沂国际塑料产业博览会,35.02493094,118.4178788,临沂国际会展中心,2018/5/28,2018/5/30
农林牧渔,上海市,2018上海国际园林景观产业贸易博览会,31.18839541,121.4965025,上海世博展览馆,2018/5/29,2018/5/31
光电技术,广州市,2018广州国际照明展览会,23.14996589,113.2634958,中国进出口商品交易会展馆琶洲馆,2018/6/9,2018/6/12
创业加盟,上海市,CAE第十二届中国国际加盟展览会,31.18839541,121.4965025,上海世博展览馆,2018/6/9,2018/6/10
光电技术,广州市,2018广州国际建筑电气技术展览会,23.14996589,113.2634958,中国进出口商品交易会展馆琶洲馆,2018/6/9,2018/6/12
食品饮料,西安市,2018第十二届中国西安国际茶业博览会,34.20211625,108.957183,西安曲江国际会展中心,2018/6/8,2018/6/11
印刷包装,宁波市,2018浙江宁波包装印刷产业博览会,29.87533863,121.6209057,宁波国际会展中心,2018/5/29,2018/5/31
建材五金,上海市,第十六届中国国际屋面和建筑防水技术展览会,31.18839541,121.4965025,上海世博展览馆,2018/5/28,2018/5/30
建材五金,广州市,2018中国国际陶瓷技术装备及建筑陶瓷卫生洁具产品展览会,23.14996589,113.2634958,中国进出口商品交易会展馆琶洲馆,2018/5/30,2018/6/2
皮革鞋业,广州市,第二十八届广州国际鞋类皮革及工业设备展览会,23.14996589,113.2634958,中国进出口商品交易会展馆琶洲馆,2018/5/30,2018/6/1
暖通制冷,上海市,2018上海国际空气新风展,31.19545539,121.3087136,国家会展中心上海,2018/5/31,2018/6/2
环保水处理,上海市,第七届上海国际泵管阀展览会,31.19545539,121.3087136,国家会展中心上海,2018/5/31,2018/6/2
化工橡塑,宁波市,2018宁波国际塑料橡胶工业展览会,29.87533863,121.6209057,宁波国际会展中心,2018/5/30,2018/6/1
安全防护,上海市,2018中国气象科技展,31.22853327,121.3988929,上海跨国采购会展中心,2018/5/30,2018/6/1
医疗保健,太原市,2018第19届山西医疗器械展览交易会,37.8227246,112.5414777,中国太原煤炭交易中心,2018/5/29,2018/5/31
纺织纺机,宁波市,2018第十六届宁波国际纺织面辅料及纱线展览会,29.87533863,121.6209057,宁波国际会展中心,2018/5/30,2018/6/1
环保水处理,上海市,2018第十一届荷兰阿姆斯特丹国际水展AQUATECH,31.19545539,121.3087136,国家会展中心上海,2018/5/31,2018/6/2
旅游行业,南京市,2018南京国际度假休闲及房车展览会,32.00017759,118.7241743,南京国际博览中心,2018/6/1,2018/6/3
建材五金,郑州市,2018第十四届中国郑州国际五金机电展览会,34.77795862,113.7372866,郑州国际会展中心,2018/6/1,2018/6/3
安全防护,天津市,第九届中国天津国际智慧城市暨社会公共安全产品展览会,39.09172818,117.2129161,天津国际展览中心,2018/5/31,2018/6/2
食品饮料,青岛市,2018第十六届中国青岛国际食品加工机械和包装设备展览会,36.11040075,120.4806224,青岛国际会展中心,2018/6/1,2018/6/3
食品饮料,苏州市,2018年苏州春季茶叶博览会暨紫砂茶具工艺品展,31.32927823,120.7158032,苏州国际博览中心,2018/6/1,2018/6/2
食品饮料,长沙市,2018第五届湖南餐饮食材产业展览会,28.24062286,113.0559345,湖南国际会展中心,2018/5/30,2018/6/1
礼品玩具,哈尔滨市,2018中国哈尔滨国际宠物水族含渔具产业用品博览会,45.76188107,126.7019144,哈尔滨国际会展中心,2018/6/1,2018/6/3
环保水处理,上海市,2018上海国际建筑水展,31.19545539,121.3087136,国家会展中心上海,2018/5/31,2018/6/2
机械工业,郑州市,2018中国郑州国际机床展览会,34.77795862,113.7372866,郑州国际会展中心,2018/6/1,2018/6/3
体育休闲,上海市,2018上海国际休闲娱乐产业展览会暨玩博会,31.18839541,121.4965025,上海世博展览馆,2018/6/1,2018/6/3
机械工业,郑州市,2018中国郑州工业装备博览会暨智能制造及机器人展览会,34.77795862,113.7372866,郑州国际会展中心,2018/6/1,2018/6/3
农林牧渔,福州市,第十三届中国福州国际渔业博览会,26.03272644,119.3711143,福州海峡会展中心,2018/6/1,2018/6/3
机械工业,郑州市,2018第十四届中国郑州工业自动化及机器人展览会,34.77795862,113.7372866,郑州国际会展中心,2018/6/1,2018/6/3
交通工具,沈阳市,2018沈阳国际房车展览会,41.66836964,123.3796191,沈阳国际展览中心,2018/5/5,2018/5/8
交通工具,上海市,第二十八届中国国际自行车展览会,31.19545539,121.3087136,国家会展中心上海,2018/5/6,2018/5/9
礼品玩具,重庆市,2018重庆国际宠物用品展览会,29.53976222,106.5678841,重庆国际会议展览中心,2018/6/1,2018/6/4
房产家居,郑州市,2018第八届中国郑州国际家具展览会,34.77795862,113.7372866,郑州国际会展中心,2018/5/5,2018/5/7
房产家居,郑州市,2018第八届中国郑州定制家居门业展,34.77795862,113.7372866,郑州国际会展中心,2018/5/5,2018/5/7
安全防护,北京市,2018北京国际军民融合装备展览会,39.96787965,116.4497403,中国国际展览中心,2018/5/7,2018/5/9
孕婴童,广州市,2018中国广州母婴健康服务博览会,23.10162394,113.37415,广州保利世贸展览馆,2018/6/1,2018/6/3
安全防护,北京市,第十一届中国国际国防电子展览会,39.96787965,116.4497403,中国国际展览中心,2018/5/7,2018/5/9
音响乐器,广州市,2018第八届广州国际演艺设备智能声光产品技术展览会,23.10162394,113.37415,广州保利世贸展览馆,2018/5/8,2018/5/11
食品饮料,杭州市,2018中国浙江餐饮业供应链博览会暨浙江餐饮产业发展大会,30.29691068,120.1823172,杭州和平国际会展中心,2018/5/6,2018/5/8
机械工业,东莞市,2018第二十三届北京埃森焊接与切割展览会,22.9062441,113.6672813,广东现代国际展览中心,2018/5/8,2018/5/11
光电技术,宁波市,2018中国宁波国际灯具灯饰采购交易会暨LED照明展览会,29.87533863,121.6209057,宁波国际会展中心,2018/5/9,2018/5/11
电子电力,上海市,2018中国国际电梯展览会,31.19545539,121.3087136,国家会展中心上海,2018/5/8,2018/5/11
房产家居,上海市,2018上海国际品牌楼梯与配件展览会,31.22853327,121.3988929,上海跨国采购会展中心,2018/5/8,2018/5/10
孕婴童,厦门市,2018中国厦门国际婴童产业博览会暨中国厦门国际孕婴用品展,24.47350542,118.1890096,厦门国际会展中心,2018/6/1,2018/6/3
食品饮料,上海市,2018上海国际罐藏食品及原辅材料机械设备博览会,31.21315614,121.5727953,上海新国际博览中心,2018/5/9,2018/5/12
创业加盟,郑州市,2018中国郑州微商博览会,34.75380409,113.712761,河南郑州中原国际博览中心,2018/5/5,2018/5/7
建材五金,南京市,2018中国南京移门博览会,32.0572355,118.7780744,南京河西国际博览中心,2018/5/9,2018/5/11
机械工业,北京市,2018北京国际工业智能及自动化展览会,39.94625561,116.350719,北京展览馆,2018/5/9,2018/5/11
机械工业,重庆市,2018第十九届重庆国际机械展览会,29.72482313,106.548697,重庆国际博览中心,2018/5/9,2018/5/12
能源矿产,广州市,2018中国广州国际电池与储能技术博览会暨广州国际石墨烯技术展,23.10667607,113.3670581,广州琶洲国际采购中心,2018/5/9,2018/5/11
环保水处理,重庆市,2018国际重庆工业环保技术及设备展览会,29.72482313,106.548697,重庆国际博览中心,2018/5/9,2018/5/11
奢侈品,上海市,2018上海国际珠宝首饰展览会,31.18839541,121.4965025,上海世博展览馆,2018/5/9,2018/5/13
建材五金,重庆市,2018第十六届中国重庆绿色建筑装饰材料博览会,29.53976222,106.5678841,重庆国际会议展览中心,2018/5/10,2018/5/12
医疗保健,北京市,第七届中国国际养老服务业博览会,40.00504938,116.3965327,北京国家会议中心,2018/5/9,2018/5/11
音响乐器,广州市,2018第十五届中国广州国际乐器展览会,23.14996589,113.2634958,中国进出口商品交易会展馆琶洲馆,2018/5/10,2018/5/13
农林牧渔,北京市,2018第二十届中国国际花卉园艺展览会,40.07713983,116.5552437,中国国际展览中心新馆,2018/5/10,2018/5/12
房产家居,成都市,2018中国成都国际智能家居暨家庭安全博览会,30.56346114,104.0817295,成都世纪城新国际会展中心,2018/5/10,2018/5/12
化工橡塑,上海市,2018上海国际聚酯薄膜及技术展览会,31.19545539,121.3087136,国家会展中心上海,2018/5/25,2018/5/27
化工橡塑,重庆市,2018国际重庆表面处理电镀涂装展览会,29.72482313,106.548697,重庆国际博览中心,2018/5/9,2018/5/11
纸业制品,广州市,2018第十五届广州国际纸业展览会,23.10162394,113.37415,广州保利世贸展览馆,2018/5/25,2018/5/27
食品饮料,上海市,2018第二十一届中国国际焙烤展览会,31.21315614,121.5727953,上海新国际博览中心,2018/5/9,2018/5/12
农林牧渔,苏州市,苏州上花2018年夏季渔具展,31.32927823,120.7158032,苏州国际博览中心,2018/5/25,2018/5/27
房产家居,青岛市,2018第15届青岛国际家具展暨第6届青岛家具木工机械及原辅材料展,36.11040075,120.4806224,青岛国际会展中心,2018/5/25,2018/5/28
医疗保健,上海市,2018全球母婴服务及教育精品展暨第三届上海月子健康博览会,31.1737722,121.4346345,上海光大会展中心,2018/5/25,2018/5/27
机械工业,上海市,2018中国国际钣金冲压暨金属板材加工展览会,31.19545539,121.3087136,国家会展中心上海,2018/5/25,2018/5/27
旅游行业,济南市,2018第十六届中国山东济南国际旅游交易博览会,36.64102085,117.0306755,济南舜耕国际会展中心,2018/5/25,2018/5/27
印刷包装,上海市,第十四届上海国际胶粘带保护膜及光学膜展览会,31.19545539,121.3087136,国家会展中心上海,2018/5/25,2018/5/27
建材五金,寿光市,2018中国寿光遮阳窗饰展览会,36.86161978,118.82471,山东省寿光国际会展中心,2018/5/25,2018/5/27
机械工业,上海市,2018上海国际线束加工设备展览会,31.19545539,121.3087136,国家会展中心上海,2018/5/25,2018/5/27
贸易进出口,宁波市,2018中国浙江进口商品展览会,29.87485887,121.6208452,宁波国际会议展览中心1号2号3号馆,2018/5/25,2018/5/27
孕婴童,蚌埠市,2018中国安徽孕婴童产品展览会暨第二届蚌埠儿博会,32.93625052,117.3771861,蚌埠会展中心,2018/5/26,2018/5/27
食品饮料,合肥市,2018中国安徽酒店餐饮业博览会,31.76140865,117.3035499,合肥滨湖国际会展中心,2018/5/25,2018/5/27
机械工业,泰州市,2018中国泰州第七届国际装备制造业博览会,32.39351801,119.9158953,泰州国际博览中心,2018/5/25,2018/5/27
汽摩配件,郑州市,2018中国润滑油脂及汽车养护展览会,34.77795862,113.7372866,郑州国际会展中心,2018/5/27,2018/5/29
办公用品,广州市,2018广州国际文具及办公用品展览会,23.10162394,113.37415,广州保利世贸展览馆,2018/5/25,2018/5/27
汽摩配件,郑州市,2018中国国际轿车微车正品配件博览会,34.77795862,113.7372866,郑州国际会展中心,2018/5/27,2018/5/29
运输物流,北京市,2018国际交通工程智能交通技术与设施展览会,39.96787965,116.4497403,中国国际展览中心,2018/5/28,2018/5/30
皮革鞋业,广州市,2018中国广州国际鞋业展,23.10162394,113.37415,广州保利世贸展览馆,2018/5/27,2018/5/29
机械工业,临沂市,2018第十三届中国东部工业装备博览会,35.02493094,118.4178788,临沂国际会展中心,2018/5/28,2018/5/30
美容美发,昆明市,2018中国昆明国际美容美发化妆品博览会,25.0153581,102.7377783,昆明国际会展中心,2018/5/27,2018/5/29
能源矿产,上海市,2018第十二届国际太阳能光伏与智慧能源上海大会暨展览会,31.21315614,121.5727953,上海新国际博览中心,2018/5/28,2018/5/30
美容美发,天津市,2018中国天津国际美容美发化妆品博览会,39.1439299,117.2108131,天津梅江国际会展中心,2018/5/28,2018/5/30
运输物流,北京市,2018北京国际道路运输城市公交车辆及零部件展览会,40.07713983,116.5552437,中国国际展览中心新馆,2018/5/28,2018/5/30
运输物流,上海市,2018中国上海国际港口装备展览会,31.19545539,121.3087136,国家会展中心上海,2018/5/25,2018/5/27
光电技术,上海市,2018上海国际绿色照明及城市亮化工程展览会,31.19545539,121.3087136,国家会展中心上海,2018/5/14,2018/5/16
食品饮料,上海市,2018第十九届上海国际葡萄酒及烈酒展览会,31.19545539,121.3087136,国家会展中心上海,2018/5/14,2018/5/16
礼品玩具,徐州市,2018中国徐州国际宠物行业博览会,34.2274255,117.2383136,徐州国际会展中心,2018/5/26,2018/5/28
食品饮料,上海市,2018中国国际食品肉类及水产品展览会暨进出口食品政策与法律法规交流会,31.19545539,121.3087136,国家会展中心上海,2018/5/14,2018/5/16
食品饮料,上海市,2018上海国际进出口食品及饮料展览会,31.19545539,121.3087136,国家会展中心上海,2018/5/14,2018/5/16
食品饮料,上海市,2018第七届中国国际航空邮轮及列车食品饮料展上海站,31.19545539,121.3087136,国家会展中心上海,2018/5/14,2018/5/16
建材五金,广州市,2018华南国际木业展,23.10162394,113.37415,广州保利世贸展览馆,2018/5/15,2018/5/17
化工橡塑,上海市,2018第十届上海国际新材料展览会,31.19545539,121.3087136,国家会展中心上海,2018/5/14,2018/5/16
建材五金,广州市,2018亚太地坪展,23.10162394,113.37415,广州保利世贸展览馆,2018/5/15,2018/5/17
体育休闲,广州市,2018亚洲泳池SPA博览会,23.10162394,113.37415,广州保利世贸展览馆,2018/5/15,2018/5/17
机械工业,上海市,2018中国国际地下综合管廊展览会暨发展论坛,31.19545539,121.3087136,国家会展中心上海,2018/5/14,2018/5/16
建材五金,广州市,2018第十届广州国际木塑装饰与景观材料展,23.10162394,113.37415,广州保利世贸展览馆,2018/5/15,2018/5/17
房产家居,天津市,中国天津国际实木家具展览会,39.1439299,117.2108131,天津梅江国际会展中心,2018/5/28,2018/5/31
化工橡塑,东营市,2018第九届中国广饶国际橡胶轮胎暨汽车配件展览会,37.16207112,118.5385693,广饶国际博览中心,2018/5/15,2018/5/17
建材五金,广州市,2018广州国际卫浴进出口交易会暨2018国际卫浴发展论坛,23.10162394,113.37415,广州保利世贸展览馆,2018/5/15,2018/5/17
房产家居,广州市,2018第十届中国广州国际集成住宅产业博览会暨建筑工业化产品与设备展,23.10162394,113.37415,广州保利世贸展览馆,2018/5/15,2018/5/17
医疗保健,苏州市,2018全国口腔设备器材展览会暨学术研讨会苏州站,31.28336068,120.5233376,苏州广电国际会展中心,2018/5/16,2018/5/18
机械工业,上海市,2018上海国际工业陶瓷展览会,31.19545539,121.3087136,国家会展中心上海,2018/5/14,2018/5/16
旅游行业,上海市,2018国际旅游交易会,31.18839541,121.4965025,上海世博展览馆,2018/5/16,2018/5/18
电子电力,苏州市,2018第十四届华东电路板暨表面贴装展览会,31.32927823,120.7158032,苏州国际博览中心,2018/5/16,2018/5/18
机械工业,广州市,2018CANNEX国际制罐工业展览会中国展,23.14996589,113.2634958,中国进出口商品交易会展馆琶洲馆,2018/5/15,2018/5/18
医疗保健,苏州市,2018中国江苏国际医疗器械展览会,31.33038261,120.7108064,苏州广电国际博览中心,2018/5/16,2018/5/18
化工橡塑,上海市,2018第十三届中国先进复合材料制品原材料工装及工程应用展览会,31.1737722,121.4346345,上海光大会展中心,2018/5/16,2018/5/18
建材五金,重庆市,中国重庆国际涂料油墨及胶粘剂展览会,29.53976222,106.5678841,重庆国际会议展览中心,2018/5/16,2018/5/18
运输物流,上海市,2018第十五届中国国际物流节,31.21315614,121.5727953,上海新国际博览中心,2018/5/16,2018/5/18
钢铁冶金,北京市,2018第十六届中国国际铸造博览会,40.07713983,116.5552437,中国国际展览中心新馆,2018/5/16,2018/5/19
酒店用品,广州市,2018中国上海国际智慧酒店展览会广州站,23.14996589,113.2634958,中国进出口商品交易会展馆琶洲馆,2018/5/16,2018/5/18
食品饮料,上海市,2018中国国际精酿啤酒会议暨展览会,31.18839541,121.4965025,上海世博展览馆,2018/5/16,2018/5/18
化工橡塑,重庆市,2018第十九届中国西部重庆国际表面处理涂装及电镀展览会,29.53976222,106.5678841,重庆国际会议展览中心,2018/5/16,2018/5/18
皮革鞋业,广州市,2018中国广州国际箱包皮具手袋展览会,23.10162394,113.37415,广州保利世贸展览馆,2018/5/1,2018/5/3
食品饮料,上海市,第十九届中国国际食品和饮料展览会,31.21315614,121.5727953,上海新国际博览中心,2018/5/16,2018/5/18
动漫游戏,廊坊市,2018廊坊CLCAF漫展,39.51861063,116.7036022,廊坊国际会议展览中心,2018/4/30,2018/5/1
礼品玩具,深圳市,2018深圳国际宠物展览会,22.53638395,114.066518,深圳会展中心,2018/5/1,2018/5/5
汽摩配件,济南市,2018中国济南车界国际汽车后市场博览会,36.67291453,117.0891048,山东机械设备展览中心,2018/5/16,2018/5/17
贸易进出口,广州市,第123届中国进出口商品交易会第三期,23.14996589,113.2634958,中国进出口商品交易会展馆琶洲馆,2018/5/1,2018/5/5
印刷包装,上海市,第十八届上海国际包装和食品加工技术展,31.21315614,121.5727953,上海新国际博览中心,2018/5/16,2018/5/18
医疗保健,深圳市,2018深圳国际营养与健康产业博览会,22.53638395,114.066518,深圳会展中心,2018/5/3,2018/5/5
环保水处理,北京市,第三届北京国际新型城镇化产业博览会暨一带一路项目合作峰会,40.00504938,116.3965327,北京国家会议中心,2018/4/30,2018/5/3
消费电子,北京市,2018第二十一届中国国际照相机械影像器材与技术博览会,39.94625561,116.350719,北京展览馆,2018/5/3,2018/5/6
环保水处理,上海市,第十九届中国环博会,31.21315614,121.5727953,上海新国际博览中心,2018/5/3,2018/5/5
电子电力,上海市,2018第十八届中国国际电力电工设备暨智能电网展览会,31.21315614,121.5727953,上海新国际博览中心,2018/5/3,2018/5/5
能源矿产,上海市,2018上海国际分布式能源技术及设备展览会暨论坛,31.21315614,121.5727953,上海新国际博览中心,2018/5/3,2018/5/5
房产家居,南宁市,2018广西南宁房地产家装建筑博览会,22.81439522,108.3857217,广西南宁国际会展中心,2018/5/1,2018/5/3
美容美发,济南市,2018中国济南国际美容美发化妆品产业博览会,36.69231833,117.1302235,济南国际会展中心,2018/5/3,2018/5/5
信息通信,上海市,2018上海国际数据中心大会暨展览会,31.21315614,121.5727953,上海新国际博览中心,2018/5/3,2018/5/5
电子电力,成都市,2018第十六届四川国际电力产业博览会,30.56346114,104.0817295,成都世纪城新国际会展中心,2018/5/4,2018/5/6
食品饮料,深圳市,2018深圳国际天然与有机产业博览会,22.53638395,114.066518,深圳会展中心,2018/5/3,2018/5/5
环保水处理,上海市,第六届中国城市矿产博览会暨中国国际环保固废垃圾处理再生资源博览会,31.21315614,121.5727953,上海新国际博览中心,2018/5/3,2018/5/5
房产家居,成都市,2018中国四川住房城乡建设博览会成都成品住宅配套产品暨智能家居展,30.56346114,104.0817295,成都世纪城新国际会展中心,2018/5/4,2018/5/6
孕婴童,上海市,2018第十三届上海国际幼儿教育暨用品展,31.23088936,121.4593154,上海展览中心,2018/5/4,2018/5/6
环保水处理,上海市,第十五届中国上海新风系统与空气净化暨饮用净水产业博览会,31.21315614,121.5727953,上海新国际博览中心,2018/5/3,2018/5/5
食品饮料,厦门市,2018中国厦门国际糖酒食品交易会,24.47322914,118.1900397,厦门国际会议展览中心,2018/5/4,2018/5/6
信息通信,深圳市,2018多人行国际虚拟现实增强现实全息技术展览会,22.53638395,114.066518,深圳会展中心,2018/5/4,2018/5/6
孕婴童,厦门市,2018中国厦门国际幼教用品及幼儿教育展览会,24.47350542,118.1890096,厦门国际会展中心,2018/5/4,2018/5/6
文化艺术,上海市,2018第四届珠宝玉石文化博览会,31.1737722,121.4346345,上海光大会展中心,2018/5/4,2018/5/7
食品饮料,长沙市,第二十届湖南茶文化节暨紫砂书画红木根雕陶瓷茶具工艺品展,28.21018409,112.9961787,湖南省展览馆,2018/5/4,2018/5/7
奢侈品,上海市,2018上海国际珠宝首饰展览会,31.1737722,121.4346345,上海光大会展中心,2018/5/4,2018/5/7
食品饮料,重庆市,2018第十三届中国重庆国际紫砂工艺及茶具博览会,29.53976222,106.5678841,重庆国际会议展览中心,2018/5/4,2018/5/7
奢侈品,潍坊市,2018年中国潍坊国际珠宝玉石展暨艺博会红木家具展,36.71979734,119.1704559,潍坊富华国际展览中心,2018/5/4,2018/5/7
创业加盟,北京市,2018第二十届北京国际特许加盟展,40.00504938,116.3965327,北京国家会议中心,2018/5/4,2018/5/6
光电技术,上海市,2018上海照明展览会,31.21315614,121.5727953,上海新国际博览中心,2018/9/3,2018/9/5
环保水处理,郑州市,2018第三届中原经济区郑州环保产业博览会,34.77795862,113.7372866,郑州国际会展中心,2018/8/31,2018/9/2
食品饮料,上海市,2018上海国际食盐产品及深加工设备包装新材料展览,31.21315614,121.5727953,上海新国际博览中心,2018/9/4,2018/9/6
安全防护,北京市,第九届中国国际安全生产及职业健康展览会,40.00504938,116.3965327,北京国家会议中心,2018/9/3,2018/9/5
环保水处理,上海市,2018上海国际城镇给水排水水处理展览会,31.21315614,121.5727953,上海新国际博览中心,2018/9/3,2018/9/5
环保水处理,郑州市,2018中国郑州国际净水净化设备及新技术展览会,34.77795862,113.7372866,郑州国际会展中心,2018/8/31,2018/9/2
能源矿产,上海市,2018第十三届亚洲太阳能光伏创新与合作论坛,31.22853327,121.3988929,上海跨国采购会展中心,2018/9/4,2018/9/6
机械工业,沈阳市,2018第十七届中国国际装备制造业博览会,41.66836964,123.3796191,沈阳国际展览中心,2018/9/1,2018/9/5
建材五金,广州市,2018广州国际玻璃工业技术展览会,23.14996589,113.2634958,中国进出口商品交易会展馆琶洲馆,2018/8/27,2018/8/29
建材五金,东莞市,2018中国国际金属成形展览会,22.9062441,113.6672813,广东现代国际展览中心,2018/9/18,2018/9/21
食品饮料,上海市,2018上海国际食盐产品及深加工设备包装新材料展览会,31.21315614,121.5727953,上海新国际博览中心,2018/9/4,2018/9/6
暖通制冷,上海市,2018上海国际供热通风空调城建设备与技术展览会,31.21315614,121.5727953,上海新国际博览中心,2018/9/3,2018/9/5
电子电力,深圳市,2018第二十四届深圳国际电子生产设备暨微电子工业展览会,22.53638395,114.066518,深圳会展中心,2018/8/28,2018/8/30
美容美发,郑州市,2018中国郑州国际高端美容院线产品及化妆品展览会,34.77795862,113.7372866,郑州国际会展中心,2018/9/27,2018/9/29
机械工业,宁波市,2018浙江宁波工量刃具展览会,29.88525897,121.579006,宁波国际展览中心,2018/10/11,2018/10/13
消费电子,上海市,第十届上海国际数字标牌展,31.21315614,121.5727953,上海新国际博览中心,2018/9/19,2018/9/21
机械工业,上海市,2018第20届上海国际机床展览会暨2018智能制造装备展,31.21315614,121.5727953,上海新国际博览中心,2018/11/19,2018/11/21
化工橡塑,成都市,2018第十二届中国成都橡塑及包装展览会,30.56346114,104.0817295,成都世纪城新国际会展中心,2018/10/11,2018/10/13
机械工业,上海市,2018未来工业展,31.21315614,121.5727953,上海新国际博览中心,2018/11/19,2018/11/21
交通工具,武汉市,第十九届武汉国际汽车展览会,30.51332017,114.2481555,武汉国际博览中心,2018/10/11,2018/10/16
食品饮料,西安市,2018中国西安烘焙展览会,34.20211625,108.957183,西安曲江国际会展中心,2018/10/26,2018/10/28
建材五金,广州市,2018中国广州绿色建筑与建筑工业化博览会,23.14996589,113.2634958,中国进出口商品交易会展馆琶洲馆,2018/8/25,2018/8/27
消费电子,深圳市,2018年深圳国际互联网与电子商务博览会,22.53638395,114.066518,深圳会展中心,2018/10/11,2018/10/13
建材五金,北京市,2018第十六届中国国际门窗幕墙博览会,40.07713983,116.5552437,中国国际展览中心新馆,2018/10/31,2018/11/3
食品饮料,西安市,2018第六届西安茶博会,34.20211625,108.957183,西安曲江国际会展中心,2018/10/11,2018/10/15
建材五金,合肥市,2018中国安徽国际绿色建筑建材博览会,31.75753327,117.304893,安徽滨湖国际会展中心,2018/10/26,2018/10/28
仪器仪表,上海市,2018慕尼黑上海分析生化展,31.21315614,121.5727953,上海新国际博览中心,2018/10/31,2018/11/2
运输物流,深圳市,2018中国深圳国际物流与交通运输博览会,22.53638395,114.066518,深圳会展中心,2018/10/11,2018/10/13
汽摩配件,广州市,2018广州国际汽车零部件及售后市场展览会,23.10162394,113.37415,广州保利世贸展览馆,2018/9/3,2018/9/5
礼品玩具,北京市,2018全国宠物水族用品展览会暨第六届北京国际宠物水族用品展览会,39.96787965,116.4497403,中国国际展览中心,2018/11/2,2018/11/4
食品饮料,武汉市,2018中国武汉秋季茶业博览交易会暨紫砂陶瓷茶具工艺品展,30.58559884,114.2802309,武汉国际会展中心,2018/11/2,2018/11/5
机械工业,石家庄,2018第十四届华北锅炉暖通设备展览会,38.04704371,114.5310999,石家庄国际博览中心,2018/11/1,2018/11/3
医疗保健,广州市,2018中国国际老龄产业博览会,23.10162394,113.37415,广州保利世贸展览馆,2018/11/8,2018/11/10
美容美发,济南市,2018中国济南国际美容美发化妆品产业博览会,36.69231833,117.1302235,济南国际会展中心,2018/11/5,2018/11/7
贸易进出口,上海市,2018中国国际进口博览会,31.19545539,121.3087136,国家会展中心上海,2018/11/5,2018/11/10
机械工业,上海市,2018中国上海国际制刷工业展览会,31.21315614,121.5727953,上海新国际博览中心,2018/11/1,2018/11/3
孕婴童,深圳市,2018深圳国际幼儿教育用品暨装备展览会,22.53638395,114.066518,深圳会展中心,2018/11/5,2018/11/7
机械工业,嘉兴市,2018中国嘉兴紧固件产业博览会暨五金机电工具机床展,30.74462161,120.7620122,嘉兴国际会展中心,2018/11/5,2018/11/6
农林牧渔,青岛市,第二十二届中国国际渔业博览会,36.43093516,120.7191839,青岛国际博览中心,2018/11/7,2018/11/9
食品饮料,上海市,2018上海国际食品饮料及餐饮设备展览会,31.21315614,121.5727953,上海新国际博览中心,2018/11/13,2018/11/15
美容美发,太原市,2018中国山西国际美容美发美体化妆用品博览会,37.86340281,112.534922,中国煤炭博物馆,2018/11/10,2018/11/12
食品饮料,广州市,2018第二十一届广州国际名酒展览会,23.14996589,113.2634958,中国进出口商品交易会展馆琶洲馆,2018/11/13,2018/11/15
消费电子,南京市,2018南京国际时尚消费品博览会,32.00017759,118.7241743,南京国际博览中心,2018/11/9,2018/11/11
奢侈品,北京市,2018中国国际珠宝展,39.96787965,116.4497403,中国国际展览中心,2018/11/8,2018/11/12
运输物流,天津市,2018中国天津国际现代物流产业及技术装备展览会,39.1439299,117.2108131,天津梅江国际会展中心,2018/11/16,2018/11/18
消费电子,厦门市,2018厦门国际自动售货机及自助服务产品展览会,24.47350542,118.1890096,厦门国际会展中心,2018/11/15,2018/11/17
机械工业,上海市,2018亚洲智能制造装备产业博览会,31.21315614,121.5727953,上海新国际博览中心,2018/11/19,2018/11/21
食品饮料,上海市,2018上海国际进口酒类精品展览会,31.21315614,121.5727953,上海新国际博览中心,2018/11/13,2018/11/15
医疗保健,北京市,2018中国国际福祉博览会暨中国国际康复博览会,40.00504938,116.3965327,北京国家会议中心,2018/10/11,2018/10/13
食品饮料,上海市,2018,31.21315614,121.5727953,上海新国际博览中心,2018/11/13,2018/11/15
食品饮料,南平市,第十二届武夷山国际茶业博览会,,,太伟风景会展中心,2018/11/16,2018/11/18
奢侈品,上海市,2018上海国际珠宝展览会暨上海国际黄金珠宝节,31.18839541,121.4965025,上海世博展览馆,2018/10/12,2018/10/14
食品饮料,南宁市,2018第八届中国南宁国际茶产业博览会暨紫砂陶瓷茶具用品展,22.81439522,108.3857217,广西南宁国际会展中心,2018/11/9,2018/11/12
医疗保健,济南市,第十届中国山东国际老龄产业博览会,36.64102085,117.0306755,济南舜耕国际会展中心,2018/10/12,2018/10/14
体育休闲,武汉市,2018武汉国际体育产业博览会,30.58559884,114.2802309,武汉国际会展中心,2018/10/17,2018/10/19
建材五金,北京市,2018第十七届中国国际住宅产业博览会暨建筑工业化产品与设备博览会,40.07713983,116.5552437,中国国际展览中心新馆,2018/10/11,2018/10/13
食品饮料,北京市,2018第十八届北京国际有机食品和绿色食品博览会,39.96787965,116.4497403,中国国际展览中心,2018/11/16,2018/11/18
孕婴童,上海市,2018第十七届中国国际玩具及教育设备展览会,31.21315614,121.5727953,上海新国际博览中心,2018/10/16,2018/10/18
动漫游戏,上海市,2018中国上海玩具品牌授权展,31.21315614,121.5727953,上海新国际博览中心,2018/10/16,2018/10/18
奢侈品,长沙市,2018芒果国际珠宝展,28.24062286,113.0559345,湖南国际会展中心,2018/11/16,2018/11/20
消费电子,北京市,2018第三届北京国际虚拟现实与增强现实博览会,39.78725915,116.5326758,北京亦创国际会展中心,2018/10/18,2018/10/20
食品饮料,厦门市,第九届中国厦门国际茶业博览会秋季,24.47350542,118.1890096,厦门国际会展中心,2018/10/18,2018/10/22
食品饮料,北京市,第十届中国国际茶业及茶艺博览会,39.96787965,116.4497403,中国国际展览中心,2018/10/20,2018/10/22
孕婴童,上海市,2018中国国际婴童用品展览会,31.21315614,121.5727953,上海新国际博览中心,2018/10/16,2018/10/18
机械工业,上海市,2018中国上海国际紧固件工业博览会,31.18839541,121.4965025,上海世博展览馆,2018/10/21,2018/10/23
运输物流,大连市,2018第十三届中国大连国际海事展览会,38.8911472,121.5983697,大连世界博览广场,2018/10/23,2018/10/25
美容美发,武汉市,2018中国武汉国际美容美发美体化妆用品博览会,30.58559884,114.2802309,武汉国际会展中心,2018/10/23,2018/10/25
印刷包装,上海市,2018第七届中国国际全印展,31.21315614,121.5727953,上海新国际博览中心,2018/10/24,2018/10/28
孕婴童,上海市,2018上海国际学期教育及装备展览会,31.21315614,121.5727953,上海新国际博览中心,2018/10/16,2018/10/18
食品饮料,厦门市,2018第十届中国厦门国际素食暨有机食品展览会,24.47350542,118.1890096,厦门国际会展中心,2018/10/18,2018/10/22
汽摩配件,义乌市,2018中国义乌汽摩配用品交易会,29.31803398,120.1198666,义乌国际博览中心,2018/10/21,2018/10/23
美容美发,青岛市,2018中国青岛国际美容美发化妆品博会,36.11040075,120.4806224,青岛国际会展中心,2018/10/18,2018/10/20
文化艺术,北京市,2018第十三届中国北京国际文化创意产业博览会,39.96787965,116.4497403,中国国际展览中心,2018/10/25,2018/10/28
化工橡塑,上海市,2018第十七届中国国际化工展览会,31.21315614,121.5727953,上海新国际博览中心,2018/9/19,2018/9/21
建材五金,上海市,2018中国国际五金展,31.19545539,121.3087136,国家会展中心上海,2018/10/22,2018/10/24
体育休闲,青岛市,2018青岛国际时尚健身运动展,36.11040075,120.4806224,青岛国际会展中心,2018/10/26,2018/10/28
广告媒体,上海市,2018中国上海国际广告展,31.21315614,121.5727953,上海新国际博览中心,2018/9/19,2018/9/21
建材五金,成都市,2018年第五届西部门窗博览会,30.56346114,104.0817295,成都世纪城新国际会展中心,2018/9/20,2018/9/22
环保水处理,上海市,2018第十四届中国国际水处理化学品展览会暨2018中国国际工业水处理技术与装备展览会,31.21315614,121.5727953,上海新国际博览中心,2018/9/19,2018/9/21
化工橡塑,上海市,2018第二十一届中国国际胶粘剂及密封剂展览会,31.21315614,121.5727953,上海新国际博览中心,2018/9/19,2018/9/21
机械工业,合肥市,2018中国合肥国际机床及工模具展览会,31.76140865,117.3035499,合肥滨湖国际会展中心,2018/10/26,2018/10/28
汽摩配件,上海市,2018国际车用仪表及传感器技术产品展览会,31.19545539,121.3087136,国家会展中心上海,2018/9/20,2018/9/22
汽摩配件,上海市,2018中国上海国际汽车涂料涂装技术展览会,31.19545539,121.3087136,国家会展中心上海,2018/9/20,2018/9/22
食品饮料,北京市,2018第十六届中国国际肉类工业展览会,39.96787965,116.4497403,中国国际展览中心,2018/9/20,2018/9/22
食品饮料,济南市,2018中国茶叶博览会,36.69231833,117.1302235,济南国际会展中心,2018/10/25,2018/10/28
印刷包装,上海市,2018中国上海国际3D打印与汽车智造展览会,31.19545539,121.3087136,国家会展中心上海,2018/9/20,2018/9/22
印刷包装,上海市,2018上海国际包装制品与材料展览会,31.18839541,121.4965025,上海世博展览馆,2018/9/19,2018/9/21
汽摩配件,上海市,2018中国上海国际车用滤清器技术产品展览会,31.19545539,121.3087136,国家会展中心上海,2018/9/20,2018/9/22
机械工业,广州市,广州国际数控机床展览会,23.14996589,113.2634958,中国进出口商品交易会展馆琶洲馆,2018/9/20,2018/9/22
建材五金,上海市,第八届中国国际管材展览会,31.21315614,121.5727953,上海新国际博览中心,2018/9/26,2018/9/28
文化教育,上海市,2018中国国际教育装备上海博览会,31.18839541,121.4965025,上海世博展览馆,2018/9/26,2018/9/28
食品饮料,上海市,2018中国国际养生食品博览会,31.1737722,121.4346345,上海光大会展中心,2018/9/20,2018/9/23
电子电力,上海市,2018中国国际线缆及线材技术展览会,31.21315614,121.5727953,上海新国际博览中心,2018/9/26,2018/9/29
建材五金,临沂市,2018第67届秋季全国五金商品交易会,35.02493094,118.4178788,临沂国际会展中心,2018/9/20,2018/9/22
汽摩配件,上海市,2018中国国际汽车商品交易会,31.19545539,121.3087136,国家会展中心上海,2018/9/20,2018/9/22
信息通信,北京市,2018年中国国际信息通信展览会,40.00504938,116.3965327,北京国家会议中心,2018/9/26,2018/9/29
机械工业,广州市,2018中国广州国际机器人智能装备及制造技术展览会,23.14996589,113.2634958,中国进出口商品交易会展馆琶洲馆,2018/9/27,2018/9/29
建材五金,北京市,2018北京国际家装建材智能家居展暨国际设计博览会,40.07713983,116.5552437,中国国际展览中心新馆,2018/9/27,2018/9/30
建材五金,上海市,第二十四届中国国际复合材料工业技术展览会,31.18839541,121.4965025,上海世博展览馆,2018/9/5,2018/9/7
文化教育,北京市,2018中国北京国际现代教育新技术装备展览会,39.96787965,116.4497403,中国国际展览中心,2018/9/27,2018/9/29
文化教育,北京市,2018中国北京国际幼教产业及幼教装备展览会,39.96787965,116.4497403,中国国际展览中心,2018/9/27,2018/9/29
钢铁冶金,上海市,2018第十六届中国国际轴承及其专用装备展览会,31.18839541,121.4965025,上海世博展览馆,2018/9/19,2018/9/22
消费电子,青岛市,2018青岛国际自动售货机及自助服务产品展览会,36.1052149,120.3844282,青岛国际展览中心,2018/9/27,2018/9/29
建材五金,重庆市,2018重庆国际建筑装饰博览会,29.72482313,106.548697,重庆国际博览中心,2018/9/27,2018/9/29
机械工业,武汉市,2018第七届武汉国际机床展览会,30.51332017,114.2481555,武汉国际博览中心,2018/9/6,2018/9/9
电子电力,北京市,2018中国国际核电工业装备展览会,39.96787965,116.4497403,中国国际展览中心,2018/9/5,2018/9/7
化工橡塑,武汉市,2018中国武汉国际塑料橡胶机械及材料展,30.51332017,114.2481555,武汉国际博览中心,2018/9/6,2018/9/9
汽摩配件,东莞市,第十八届广东国际汽车展示交易会秋季,22.9062441,113.6672813,广东现代国际展览中心,2018/9/30,2018/10/5
交通工具,成都市,第二十一届成都国际汽车展览会,30.56346114,104.0817295,成都世纪城新国际会展中心,2018/9/7,2018/9/16
食品饮料,厦门市,2018中国厦门国际葡萄酒及烈酒展览会,24.47322914,118.1900397,厦门国际会议展览中心,2018/9/8,2018/9/11
汽摩配件,西安市,2018中国西安国际润滑油脂养护用品及技术设备展览会,34.19849834,108.8933614,西安绿地笔克国际会展中心,2018/9/7,2018/9/9
能源矿产,杭州市,第二十届中国国际气体技术设备与应用展览会,30.23765773,120.245041,杭州国际博览中心,2018/9/5,2018/9/6
建材五金,邢台市,2018中国沙河国际玻璃工业展览会,36.93863546,114.2830925,沙河国际会展中心,2018/9/9,2018/9/12
文化教育,西安市,第九届中国西部文化产业博览会,34.20211625,108.957183,西安曲江国际会展中心,2018/9/7,2018/9/10
食品饮料,广州市,2018广州国际特色食品饮料展览会,23.14996589,113.2634958,中国进出口商品交易会展馆琶洲馆,2018/9/7,2018/9/9
奢侈品,深圳市,2018深圳国际珠宝展览会,22.53638395,114.066518,深圳会展中心,2018/9/13,2018/9/17
机械工业,深圳市,2018深圳国际工业自动化及机器人展览会,22.53638395,114.066518,深圳会展中心,2018/9/12,2018/9/14
创业加盟,上海市,2018海外置业移民投资上海展览会,31.29877207,121.5202377,上海国际会议中心,2018/9/14,2018/9/16
食品饮料,长春市,2018第七届中国长春国际茶产业博览会,43.84271979,125.4022987,长春国际会展中心,2018/9/14,2018/9/17
食品饮料,长沙市,2018中国食品餐饮博览会,28.1826853,112.988523,长沙国际会展中心,2018/9/13,2018/9/16
建材五金,宁波市,2018第九届宁波五金机械装备展览会,29.88525897,121.579006,宁波国际展览中心,2018/9/13,2018/9/15
汽摩配件,青岛市,2018青岛国际汽车工业秋季展览会,36.11040075,120.4806224,青岛国际会展中心,2018/9/12,2018/9/17
房产家居,上海市,第二十四届中国国际家具展览会,31.21315614,121.5727953,上海新国际博览中心,2018/9/11,2018/9/14
旅游行业,北京市,2018中国北京国际商务及会奖旅游展览会,40.00504938,116.3965327,北京国家会议中心,2018/9/12,2018/9/13
食品饮料,广州市,2018广州国际生物技术博览会,23.14996589,113.2634958,中国进出口商品交易会展馆琶洲馆,2018/9/14,2018/9/16
交通工具,南京市,2018中国国际新能源汽车及配套产业博览会,32.08221873,118.8132783,南京国际展览中心,2018/9/14,2018/9/16
食品饮料,济南市,2018第十三届中国北方茶业博览交易会,36.64102085,117.0306755,济南舜耕国际会展中心,2018/9/14,2018/9/17
医疗保健,广州市,2018广州国际健康保健产业博览会,23.14996589,113.2634958,中国进出口商品交易会展馆琶洲馆,2018/9/14,2018/9/16
医疗保健,北京市,2018北京国际保健食品医药营养品展览会,39.96787965,116.4497403,中国国际展览中心,2018/9/15,2018/9/17
食品饮料,北京市,2018中国国际咖啡展览会,39.96787965,116.4497403,中国国际展览中心,2018/9/15,2018/9/17
电子电力,乌鲁木齐市,2018第四届亚欧电力技术装备展览会,43.88420073,87.62754646,新疆国际会展中心,2018/9/17,2018/9/19
环保水处理,乌鲁木齐市,2018新疆环保水处理污泥处理技术展览会,43.88420073,87.62754646,新疆国际会展中心,2018/9/17,2018/9/19
房产家居,上海市,第二十四届中国国际家具展之2018年摩登上海时尚家居展,31.18839541,121.4965025,上海世博展览馆,2018/9/11,2018/9/14
皮革鞋业,上海市,2018中国国际皮革展,31.21315614,121.5727953,上海新国际博览中心,2018/8/29,2018/8/31
医疗保健,北京市,2018中国国际健康服务业博览会暨保健养生食品展览会,39.96787965,116.4497403,中国国际展览中心,2018/8/29,2018/8/31
食品饮料,上海市,2018上海国际餐饮博览会,31.21315614,121.5727953,上海新国际博览中心,2018/8/29,2018/8/31
医疗保健,北京市,2018第二届中国北京国际中医药健康服务业博览会暨中医药健康服务业发展论坛,39.96787965,116.4497403,中国国际展览中心,2018/8/29,2018/8/31
食品饮料,上海市,SFEC2018第十五届上海国际绿色食品及有机食品展览会,31.21315614,121.5727953,上海新国际博览中心,2018/8/29,2018/8/31
交通工具,上海市,2018中国上海国际智慧停车展览会,31.29877207,121.5202377,上海国际会议中心,2018/8/29,2018/8/30
机械工业,济南市,2018济南国际数控机床展览会,36.69231833,117.1302235,济南国际会展中心,2018/8/30,2018/9/1
贸易进出口,乌鲁木齐市,2018第六届中国亚欧博览会医疗器械与医药保健品展,43.88420073,87.62754646,新疆国际会展中心,2018/8/30,2018/9/3
农林牧渔,上海市,2018第十三届上海国际渔业博览会,31.21315614,121.5727953,上海新国际博览中心,2018/8/29,2018/8/31
食品饮料,上海市,2018第九届上海国际冷冻冷藏食品博览会,31.21315614,121.5727953,上海新国际博览中心,2018/8/29,2018/8/31
食品饮料,大连市,2018中国大连国际茶产业博览会暨紫砂陶瓷茶具用品展,38.8911472,121.5983697,大连世界博览广场,2018/8/31,2018/9/3
贸易进出口,乌鲁木齐市,2018第六届中国亚欧博览会,43.88420073,87.62754646,新疆国际会展中心,2018/8/30,2018/9/3
能源矿产,乌鲁木齐市,2018新疆国际石油化工技术装备展览会,43.88420073,87.62754646,新疆国际会展中心,2018/9/17,2018/9/19
食品饮料,上海市,2018上海国际生物发酵产品与技术装备展览会,31.21315614,121.5727953,上海新国际博览中心,2018/9/4,2018/9/6
建材五金,郑州市,2018中国郑州国际城市地下综合管廊建设与智慧管网展览会,34.77795862,113.7372866,郑州国际会展中心,2018/8/31,2018/9/2
创业加盟,上海市,2018国际特许加盟上海展览会,31.21315614,121.5727953,上海新国际博览中心,2018/8/30,2018/9/1
孕婴童,郑州市,2018中国郑州国际孕婴童用品博览会,34.77795862,113.7372866,郑州国际会展中心,2018/8/30,2018/9/1